ISIN,NAME,Country,Region,Years_With_Both_Scopes
GB0000365774,AEP PLANTATIONS,GB,EUR,"[2020, 2021, 2022, 2023, 2024]"
ES0134950F36,FAES FARMA,ES,EUR,"[2019, 2020, 2021, 2022, 2023]"
CH0210483332,RICHEMONT N,CH,EUR,"[2013, 2014, 2015, 2016, 2017, 2018, 2019, 2020, 2021, 2022, 2023, 2024, 2025]"
DE0005200000,BEIERSDORF,DE,EUR,"[2013, 2014, 2015, 2016, 2017, 2018, 2019, 2020, 2021, 2022, 2023, 2024]"
DE0005909006,BILFINGER BERGER,DE,EUR,"[2013, 2014, 2016, 2020, 2021, 2022, 2023, 2024]"
GB0031348658,BARCLAYS,GB,EUR,"[2013, 2014, 2015, 2016, 2017, 2018, 2019, 2020, 2021, 2022, 2023, 2024]"
GB00B1KJJ408,WHITBREAD,GB,EUR,"[2013, 2014, 2015, 2016, 2017, 2018, 2019, 2020, 2021, 2022, 2023, 2024, 2025]"
GB0004270301,HILL AND SMITH,GB,EUR,"[2015, 2016, 2017, 2018, 2019, 2020, 2021, 2022, 2023, 2024]"
GB0006650450,OXFORD INSTRUMENTS,GB,EUR,"[2014, 2015, 2017, 2018, 2019, 2020, 2021, 2022, 2023, 2024]"
GB00B45C9X44,CHEMRING GROUP,GB,EUR,"[2013, 2014, 2015, 2016, 2017, 2018, 2019, 2020, 2021, 2022, 2023, 2024, 2025]"
GB0002869419,BIG YELLOW GROUP,GB,EUR,"[2013, 2014, 2015, 2016, 2017, 2018, 2019, 2020, 2021, 2022, 2023, 2024, 2025]"
GB00B5N0P849,WOOD GROUP (JOHN),GB,EUR,"[2013, 2014, 2015, 2016, 2017, 2018, 2019, 2020, 2021, 2022, 2023, 2024]"
ES0144580Y14,IBERDROLA,ES,EUR,"[2013, 2014, 2015, 2016, 2017, 2018, 2019, 2020, 2021, 2022, 2023, 2024]"
FR0000077919,JCDECAUX,FR,EUR,"[2013, 2014, 2015, 2016, 2017, 2018, 2019, 2020, 2021, 2022, 2023, 2024]"
FR0000131906,RENAULT,FR,EUR,"[2013, 2014, 2015, 2016, 2017, 2018, 2019, 2020, 2021, 2022, 2023, 2024]"
GB00BZ4BQC70,JOHNSON MATTHEY,GB,EUR,"[2013, 2014, 2015, 2016, 2017, 2018, 2019, 2020, 2021, 2022, 2023, 2024, 2025]"
BE0003822393,ELIA GROUP,BE,EUR,"[2019, 2020, 2021, 2022, 2023, 2024]"
SE0015961909,HEXAGON B,SE,EUR,"[2020, 2021, 2022, 2023, 2024]"
DE0005773303,FRAPORT,DE,EUR,"[2013, 2014, 2015, 2016, 2017, 2018, 2019, 2020, 2021, 2022, 2023, 2024]"
GB00BG11K365,REDROW DEAD - DELIST.23/08/24,GB,EUR,"[2013, 2014, 2015, 2016, 2017, 2018, 2019, 2020, 2022, 2023]"
ES0130960018,ENAGAS,ES,EUR,"[2013, 2014, 2015, 2016, 2017, 2018, 2019, 2020, 2021, 2022, 2023, 2024]"
ES0142090317,OBRASCON HUARTE LAIN,ES,EUR,"[2018, 2019, 2020, 2021, 2022, 2023, 2024]"
FR0000120073,L AIR LQE.SC.ANYME. POUR L ETUDE ET L EPXTN.,FR,EUR,"[2013, 2014, 2015, 2016, 2017, 2018, 2019, 2020, 2021, 2022, 2023, 2024]"
FI0009000202,KESKO B,FI,EUR,"[2013, 2014, 2015, 2016, 2017, 2018, 2019, 2020, 2021, 2022, 2023, 2024]"
GB0030232317,PAGEGROUP,GB,EUR,"[2013, 2014, 2015, 2016, 2017, 2018, 2019, 2020, 2021, 2022, 2023, 2024]"
CH0014852781,SWISS LIFE HOLDING,CH,EUR,"[2013, 2014, 2015, 2016, 2017, 2018, 2019, 2020, 2021, 2022, 2023, 2024]"
BE0003755692,AGFA-GEVAERT,BE,EUR,"[2013, 2014, 2015, 2016, 2017, 2018, 2019, 2020, 2021, 2022, 2023]"
AT0000A21KS2,CPI EUROPE AGE,AT,EUR,"[2018, 2022, 2023, 2024]"
BE0003470755,SOLVAY,BE,EUR,"[2014, 2015, 2016, 2017, 2018, 2019, 2020, 2021, 2022, 2023, 2024]"
GB0004478896,HUNTING,GB,EUR,"[2013, 2014, 2015, 2016, 2017, 2018, 2019, 2020, 2021, 2022, 2023, 2024]"
NL0000009538,PHILIPS ELTN.KONINKLIJKE,NL,EUR,"[2013, 2014, 2015, 2016, 2017, 2018, 2019, 2020, 2021, 2022, 2023, 2024]"
GB0008794710,TELECOM PLUS,GB,EUR,"[2014, 2015, 2016, 2017, 2018, 2019, 2020, 2021, 2022, 2023, 2024, 2025]"
IE00B8KQN827,EATON,IE,EUR,"[2013, 2014, 2015, 2016, 2017, 2018, 2019, 2020, 2021, 2022, 2023, 2024]"
CH0011075394,ZURICH INSURANCE GROUP,CH,EUR,"[2015, 2016, 2017, 2018, 2019, 2020, 2021, 2022, 2023, 2024]"
GB0007188757,RIO TINTO,GB,EUR,"[2013, 2014, 2015, 2016, 2017, 2018, 2019, 2020, 2021, 2022, 2023, 2024]"
FR0000121667,ESSILORLUXOTTICA,FR,EUR,"[2013, 2014, 2015, 2016, 2017, 2018, 2019, 2020, 2021, 2022, 2023, 2024]"
DE000A2GS401,SOFTWARE N DEAD - DELIST.26/08/24,DE,EUR,"[2018, 2019, 2020, 2021, 2022, 2023]"
CH0012549785,SONOVA N,CH,EUR,"[2013, 2014, 2015, 2016, 2017, 2018, 2019, 2020, 2021, 2022, 2023, 2024, 2025]"
FI0009007694,SANOMA,FI,EUR,"[2019, 2020, 2021, 2022, 2023, 2024]"
NL0015001FS8,FERROVIAL,NL,EUR,"[2013, 2014, 2015, 2016, 2017, 2018, 2019, 2020, 2021, 2022, 2023, 2024]"
BE0974271034,VIOHALCO,BE,EUR,"[2020, 2021, 2022, 2023, 2024]"
CH0024638212,SCHINDLER 'R',CH,EUR,"[2013, 2014, 2015, 2016, 2017, 2018, 2019, 2020, 2021, 2022, 2023, 2024]"
IT0005495657,SAIPEM,IT,EUR,"[2013, 2014, 2015, 2016, 2017, 2018, 2019, 2020, 2021, 2022, 2023, 2024]"
SE0015812219,SWEDISH MATCH DEAD - DELIST.02/01/23,SE,EUR,"[2013, 2014, 2015, 2016, 2017, 2018, 2019]"
AT0000652011,ERSTE GROUP BANK,AT,EUR,"[2013, 2014, 2015, 2016, 2017, 2018, 2019, 2020, 2021, 2022, 2023, 2024]"
GB00B0N8QD54,BRITVIC DEAD - DELIST.20/01/25,GB,EUR,"[2014, 2015, 2016, 2017, 2018, 2019, 2020, 2021, 2022, 2023]"
DK0060336014,NOVOZYMES B,DK,EUR,"[2013, 2014, 2015, 2016, 2017, 2018, 2019, 2020, 2021, 2022, 2023, 2024]"
GB00B0SWJX34,LONDON STOCK EXCHANGE GROUP,GB,EUR,"[2013, 2014, 2015, 2016, 2017, 2018, 2019, 2020, 2021, 2022, 2023, 2024]"
GB00B41H7391,ZIGUP,GB,EUR,"[2014, 2015, 2016, 2017, 2018, 2019, 2020, 2021, 2022, 2023, 2024, 2025]"
GB00B135BJ46,SAVILLS,GB,EUR,"[2013, 2014, 2015, 2016, 2017, 2018, 2019, 2020, 2021, 2022, 2023, 2024]"
GB00B61TVQ02,INCHCAPE,GB,EUR,"[2013, 2014, 2015, 2016, 2017, 2018, 2019, 2020, 2021, 2022, 2023, 2024]"
GB00BDFBVT43,OXFORD BIOMEDICA,GB,EUR,"[2018, 2019, 2020, 2021, 2022, 2023, 2024]"
GB0002374006,DIAGEO,GB,EUR,"[2013, 2014, 2015, 2016, 2017, 2018, 2019, 2020, 2021, 2022, 2023, 2024, 2025]"
SE0015988019,NIBE INDUSTRIER,SE,EUR,"[2014, 2015, 2016, 2017, 2018, 2019, 2020, 2021, 2022, 2023, 2024]"
GB0007689002,KIN AND CARTA DEAD - DELIST.29/04/24,GB,EUR,"[2019, 2020, 2021, 2022, 2023]"
IE00BGH1M568,PERRIGO,IE,EUR,"[2014, 2015, 2016, 2017, 2018, 2019, 2020, 2021, 2022, 2023]"
DE000TUAG505,TUI N,DE,EUR,"[2014, 2015, 2017, 2018, 2022, 2023, 2024, 2025]"
GB00B0YG1K06,RESTAURANT GROUP DEAD - DELIST.22/12/23,GB,EUR,"[2013, 2014, 2015, 2016, 2017, 2018, 2019, 2020, 2021, 2022]"
GB00BNNTLN49,PENNON GROUP,GB,EUR,"[2013, 2014, 2015, 2016, 2017, 2018, 2019, 2020, 2021, 2022, 2023, 2024, 2025]"
ES0113900J37,BANCO SANTANDER,ES,EUR,"[2013, 2014, 2015, 2016, 2017, 2018, 2019, 2020, 2021, 2022, 2023, 2024]"
GB0007973794,SERCO GROUP,GB,EUR,"[2013, 2014, 2015, 2016, 2017, 2018, 2019, 2020, 2021, 2022, 2023, 2024]"
SE0000202624,GETINGE B,SE,EUR,"[2016, 2017, 2018, 2019, 2020, 2021, 2022, 2023, 2024]"
GB0004052071,HALMA,GB,EUR,"[2013, 2014, 2015, 2016, 2017, 2018, 2019, 2020, 2021, 2022, 2023, 2024, 2025]"
FI0009005987,UPM-KYMMENE,FI,EUR,"[2013, 2014, 2015, 2016, 2017, 2018, 2019, 2020, 2021, 2022, 2023, 2024]"
ES0116870314,NATURGY ENERGY GROUP,ES,EUR,"[2013, 2014, 2015, 2016, 2017, 2018, 2019, 2020, 2021, 2022, 2023, 2024]"
DK0060079531,DSV,DK,EUR,"[2016, 2017, 2018, 2019, 2020, 2021, 2022, 2023, 2024]"
GB00B6XZKY75,BARR (AG),GB,EUR,"[2014, 2015, 2016, 2017, 2018, 2019, 2020, 2021, 2022, 2023, 2024, 2025]"
FR0000120966,BIC,FR,EUR,"[2013, 2014, 2015, 2016, 2017, 2018, 2019, 2020, 2021, 2022, 2023, 2024]"
GB0005758098,MEGGITT DEAD - DELIST.14/09/22,GB,EUR,"[2013, 2014, 2015, 2016, 2017, 2018, 2019, 2020]"
GB00B0WMWD03,QINETIQ GROUP,GB,EUR,"[2013, 2014, 2015, 2016, 2017, 2018, 2019, 2020, 2021, 2022, 2023, 2024]"
NL0000008977,HEINEKEN HOLDING,NL,EUR,"[2013, 2014, 2015, 2016, 2017, 2018, 2019, 2020, 2021, 2022, 2023, 2024]"
AT0000743059,OMV,AT,EUR,"[2013, 2014, 2015, 2016, 2017, 2018, 2019, 2020, 2021, 2022, 2023, 2024]"
CH0014786500,VALIANT 'R',CH,EUR,"[2013, 2014, 2015, 2016, 2017, 2018, 2019, 2020, 2021, 2022, 2023, 2024]"
GB0000811801,BARRATT REDROW,GB,EUR,"[2013, 2014, 2015, 2016, 2017, 2018, 2019, 2020, 2021, 2022, 2023, 2024, 2025]"
IT0003153415,SNAM,IT,EUR,"[2013, 2014, 2015, 2016, 2017, 2018, 2019, 2020, 2021, 2022, 2023, 2024]"
NL0000395903,WOLTERS KLUWER,NL,EUR,"[2019, 2020, 2021, 2022, 2023, 2024]"
CH0038388911,SULZER 'R',CH,EUR,"[2013, 2014, 2015, 2016, 2017, 2018, 2019, 2020, 2021, 2022, 2023, 2024]"
BE0003735496,ORANGE BELGIUM,BE,EUR,"[2013, 2014, 2019, 2022, 2023, 2024]"
DE0007297004,SUEDZUCKER,DE,EUR,"[2019, 2020, 2021, 2022, 2023, 2024, 2025]"
IT0003128367,ENEL,IT,EUR,"[2013, 2014, 2015, 2016, 2017, 2018, 2019, 2020, 2021, 2022, 2023, 2024]"
GB0005576813,HOWDEN JOINERY GP.,GB,EUR,"[2013, 2014, 2015, 2016, 2017, 2018, 2019, 2020, 2021, 2022, 2023, 2024]"
BE0003717312,SOFINA,BE,EUR,"[2021, 2022, 2023, 2024]"
CH0319416936,FLUGHAFEN ZURICH,CH,EUR,"[2013, 2014, 2015, 2016, 2017, 2018, 2019, 2020, 2021, 2022, 2023, 2024]"
GB0000163088,SPEEDY HIRE,GB,EUR,"[2013, 2015, 2016, 2017, 2018, 2019, 2022, 2023, 2024, 2025]"
CH0012005267,NOVARTIS 'R',CH,EUR,"[2013, 2014, 2015, 2016, 2017, 2018, 2019, 2020, 2021, 2022, 2023, 2024]"
CH0012221716,ABB LTD N,CH,EUR,"[2013, 2014, 2015, 2016, 2017, 2018, 2019, 2020, 2021, 2022, 2023, 2024]"
GB0008711763,TT ELECTRONICS,GB,EUR,"[2020, 2021, 2022, 2023, 2024]"
CH1216478797,DSM FIRMENICH,CH,EUR,[]
GB00B2PDGW16,WH SMITH,GB,EUR,"[2013, 2014, 2015, 2016, 2017, 2018, 2019, 2020, 2021, 2022, 2023, 2024]"
DK0061539921,VESTAS WINDSYSTEMS,DK,EUR,"[2013, 2014, 2015, 2016, 2017, 2018, 2019, 2020, 2021, 2022, 2023]"
IE0001827041,CRH PUBLIC LIMITED,IE,EUR,"[2013, 2014, 2015, 2016, 2017, 2018, 2019, 2020, 2021, 2022, 2023, 2024]"
FR0000130577,PUBLICIS GROUPE,FR,EUR,"[2013, 2014, 2015, 2016, 2017, 2018, 2019, 2020, 2021, 2022, 2023, 2024]"
DE000ENAG999,E ON N,DE,EUR,"[2013, 2014, 2015, 2016, 2017, 2018, 2019, 2020, 2021, 2022, 2023, 2024]"
BMG850801025,STOLT-NIELSEN,GB,EUR,"[2021, 2022, 2023, 2024]"
FR0000121121,EURAZEO,FR,EUR,"[2013, 2014, 2015, 2016, 2017, 2018, 2019, 2020, 2021, 2022, 2023, 2024]"
US70211M1099,PARTNER COMMS.ADR 1:1 DEAD - DELIST.22/09/23,IL,EUR,"[2018, 2019, 2020, 2021, 2022]"
GB0009692319,WILMINGTON,GB,EUR,"[2020, 2021, 2022, 2023, 2024, 2025]"
SE0007100581,ASSA ABLOY B,SE,EUR,"[2013, 2014, 2015, 2016, 2017, 2018, 2019, 2020, 2021, 2022, 2023, 2024]"
ES0152503035,MEDIASET ESPANA COMUNICACION,ES,EUR,"[2013, 2014, 2015, 2016, 2017, 2018, 2019, 2020, 2021]"
FI0009000277,TIETOEVRY,FI,EUR,"[2013, 2014, 2015, 2016, 2017, 2018, 2019, 2020, 2021, 2022, 2023, 2024]"
US0528001094,AUTOLIV,SE,EUR,"[2017, 2018, 2019, 2020, 2021, 2022, 2023, 2024]"
GB00B0LCW083,HIKMA PHARMACEUTICALS,GB,EUR,"[2013, 2014, 2015, 2016, 2017, 2018, 2019, 2020, 2021, 2022, 2023, 2024]"
IT0000066123,BPER BANCA,IT,EUR,"[2016, 2017, 2018, 2019, 2020, 2021, 2022, 2023, 2024]"
GB0007323586,RENISHAW,GB,EUR,"[2013, 2014, 2015, 2016, 2017, 2018, 2019, 2020, 2021, 2022, 2023, 2024, 2025]"
GB0009123323,ULTRA ELECTRONICS DEAD - DELIST.02/08/22,GB,EUR,"[2013, 2014, 2015, 2016, 2017, 2018, 2019, 2020, 2021]"
GB00B39J2M42,UNITED UTILITIES GROUP,GB,EUR,"[2013, 2014, 2015, 2016, 2017, 2018, 2019, 2020, 2021, 2022, 2023, 2024, 2025]"
FR0000120222,CNP ASSURANCES DEAD - DELIST.20/06/22,FR,EUR,"[2013, 2014, 2015, 2016, 2017, 2018, 2019, 2020, 2021]"
DE000A1EWWW0,ADIDAS,DE,EUR,"[2017, 2018, 2019, 2020, 2021, 2022, 2023, 2024]"
DE000CBK1001,COMMERZBANK,DE,EUR,"[2013, 2014, 2015, 2016, 2017, 2018, 2019, 2020, 2021, 2022, 2023, 2024]"
GB00BD6K4575,COMPASS GROUP,GB,EUR,"[2013, 2014, 2015, 2016, 2017, 2018, 2019, 2020, 2021, 2022, 2023, 2024]"
DE000PSM7770,PROSIEBENSAT 1 MEDIA,DE,EUR,"[2015, 2016, 2017, 2018, 2019, 2020, 2021, 2022, 2023, 2024]"
GB0007958233,SENIOR,GB,EUR,"[2013, 2014, 2015, 2016, 2017, 2018, 2019, 2020, 2021, 2022, 2023, 2024]"
FR0000051070,MAUREL ET PROM,FR,EUR,"[2015, 2016, 2017, 2018, 2019, 2020, 2021, 2022, 2023, 2024]"
SE0000242455,SWEDBANK A,SE,EUR,"[2013, 2014, 2015, 2016, 2017, 2018, 2019, 2020, 2021, 2022, 2023, 2024]"
CH0024608827,PARTNERS GROUP HOLDING,CH,EUR,"[2019, 2020, 2021, 2022, 2023, 2024]"
GB00BF8Q6K64,ABERDEEN GROUP,GB,EUR,"[2013, 2014, 2015, 2016, 2017, 2018, 2019, 2020, 2021, 2022, 2023, 2024]"
DE0006048432,HENKEL PREFERENCE,DE,EUR,"[2013, 2014, 2015, 2016, 2017, 2018, 2019, 2020, 2021, 2022, 2023, 2024]"
NL0000009082,KPN KON,NL,EUR,"[2013, 2014, 2015, 2016, 2017, 2018, 2019, 2020, 2021, 2022, 2023, 2024]"
GB0001048619,TED BAKER DEAD - DELIST.24/10/22,GB,EUR,"[2015, 2016, 2017, 2018, 2019, 2020, 2021]"
BE0003565737,KBC GROUP,BE,EUR,"[2015, 2016, 2017, 2018, 2019, 2020, 2021, 2022, 2023, 2024]"
GB00BDCPN049,COCA COLA EUROPACIFIC PARTNERS,GB,EUR,"[2013, 2014, 2015, 2016, 2017, 2018, 2019, 2020, 2021, 2022, 2023, 2024]"
GB00B82YXW83,VESUVIUS,GB,EUR,"[2013, 2014, 2015, 2016, 2017, 2018, 2019, 2020, 2021, 2022, 2023, 2024]"
DE0005785604,FRESENIUS,DE,EUR,"[2017, 2018, 2019, 2020, 2021, 2022, 2023, 2024]"
IT0001137345,AUTOGRILL DEAD - DELIST.24/07/23,IT,EUR,"[2017, 2018, 2019, 2020, 2021, 2022]"
FR0000120560,QUADIENT,FR,EUR,"[2013, 2014, 2015, 2016, 2017, 2018, 2019, 2020, 2021, 2022, 2023, 2024]"
JE00BYVQYS01,INTERNATIONAL WORKPLACE GROUP,CH,EUR,"[2021, 2022, 2023, 2024]"
DE000A0D9PT0,MTU AERO ENGINES HLDG.,DE,EUR,"[2013, 2014, 2015, 2016, 2017, 2018, 2019, 2020, 2021, 2022, 2023, 2024]"
GB0007669376,ST.JAMES'S PLACE ORD,GB,EUR,"[2013, 2014, 2015, 2016, 2017, 2018, 2019, 2020, 2021, 2022, 2023, 2024]"
SE0018012635,WIHLBORGS FASTIGHETER,SE,EUR,"[2013, 2014, 2015, 2016, 2017, 2018, 2019, 2020, 2021, 2022, 2023, 2024]"
US91822M5022,VEON ADR 1:25,NL,EUR,"[2013, 2014, 2015, 2016, 2017, 2018, 2019, 2020, 2021, 2022, 2023, 2024]"
AT0000831706,WIENERBERGER,AT,EUR,"[2020, 2021, 2022, 2023, 2024]"
NO0003733800,ORKLA,NO,EUR,"[2013, 2014, 2015, 2016, 2017, 2018, 2019, 2020, 2021, 2022, 2023, 2024]"
CH0010645932,GIVAUDAN 'N',CH,EUR,"[2013, 2014, 2015, 2016, 2017, 2018, 2019, 2020, 2021, 2022, 2023, 2024]"
CH0418792922,SIKA,CH,EUR,"[2013, 2014, 2015, 2016, 2017, 2018, 2019, 2020, 2021, 2022, 2023, 2024]"
FR0000130403,CHRISTIAN DIOR,FR,EUR,"[2015, 2016, 2017, 2018, 2019, 2020, 2021, 2022, 2023, 2024]"
GB0031638363,INTERTEK GROUP,GB,EUR,"[2013, 2014, 2015, 2016, 2017, 2018, 2019, 2020, 2021, 2022, 2023, 2024]"
DK0010234467,FLSMIDTH AND B,DK,EUR,"[2013, 2014, 2015, 2016, 2017, 2018, 2019, 2020, 2021, 2022, 2023, 2024]"
FR0000121964,KLEPIERRE REIT,FR,EUR,"[2013, 2014, 2015, 2016, 2017, 2018, 2019, 2020, 2021, 2022, 2023, 2024]"
IE00BTN1Y115,MEDTRONIC,IE,EUR,"[2013, 2018, 2019, 2020, 2021, 2022, 2023, 2024]"
GB00B67G5X01,WORKSPACE GROUP,GB,EUR,"[2015, 2018, 2019, 2020, 2021, 2022, 2023, 2024, 2025]"
SE0006993770,AXFOOD,SE,EUR,"[2013, 2014, 2015, 2016, 2017, 2018, 2019, 2020, 2021, 2022, 2023, 2024]"
GB00BL6XZ716,CAPITAL & REGIONAL DEAD - DELIST.11/12/24,GB,EUR,"[2013, 2014, 2015, 2016, 2017, 2019, 2020, 2021, 2022, 2023]"
GB0002875804,BRITISH AMERICAN TOBACCO,GB,EUR,"[2013, 2014, 2015, 2016, 2019, 2020, 2021, 2022, 2023, 2024]"
ES0130670112,ENDESA,ES,EUR,"[2014, 2015, 2016, 2017, 2018, 2019, 2020, 2021, 2022, 2023, 2024]"
FR0010533075,GETLINK,FR,EUR,"[2019, 2020, 2021, 2022, 2023, 2024]"
JE00BJ1DLW90,MAN GROUP,GB,EUR,"[2013, 2014, 2015, 2016, 2017, 2018, 2019, 2020, 2021, 2022, 2023, 2024]"
GB0004544929,IMPERIAL BRANDS,GB,EUR,"[2013, 2014, 2015, 2016, 2017, 2018, 2019, 2020, 2021, 2022, 2023, 2024]"
GB0003308607,SPECTRIS DEAD - DELIST.05/12/25,GB,EUR,"[2013, 2014, 2015, 2016, 2017, 2018, 2019, 2020, 2021, 2022, 2023, 2024]"
IT0004810054,UNIPOL ASSICURAZIONI SPA,IT,EUR,"[2013, 2014, 2015, 2016, 2017, 2018, 2019, 2020, 2021, 2022, 2023]"
GB00BN7SWP63,GLAXOSMITHKLINE,GB,EUR,"[2013, 2014, 2015, 2016, 2017, 2018, 2019, 2020, 2021, 2022, 2023, 2024]"
ES0113679I37,BANKINTER 'R',ES,EUR,"[2013, 2014, 2015, 2016, 2017, 2018, 2019, 2020, 2021, 2022, 2023, 2024]"
IT0005239360,UNICREDIT,IT,EUR,"[2013, 2014, 2015, 2016, 2017, 2018, 2019, 2020, 2021, 2022, 2023, 2024]"
AT0000937503,VOESTALPINE,AT,EUR,"[2018, 2019, 2020, 2021, 2022, 2023, 2024]"
DE0008232125,DEUTSCHE LUFTHANSA,DE,EUR,"[2016, 2017, 2018, 2019, 2020, 2021, 2022, 2023, 2024]"
GB00B012TP20,HALFORDS GROUP,GB,EUR,"[2013, 2014, 2015, 2016, 2017, 2018, 2019, 2020, 2021, 2022, 2023, 2024, 2025]"
FR0000130213,LAGARDERE GROUPE,FR,EUR,"[2013, 2015, 2016, 2017, 2018, 2019, 2020, 2021, 2022, 2023, 2024]"
GB00B0744B38,BUNZL,GB,EUR,"[2013, 2014, 2015, 2016, 2017, 2018, 2019, 2020, 2021, 2022, 2023, 2024]"
GB0002318888,CRANSWICK,GB,EUR,"[2013, 2019, 2020, 2021, 2022, 2023, 2024, 2025]"
DK0010287663,NKT,DK,EUR,"[2013, 2018, 2019, 2020, 2021, 2022, 2023, 2024]"
CH0008038389,SWISS PRIME SITE,CH,EUR,"[2014, 2015, 2016, 2017, 2018, 2019, 2020, 2021, 2022, 2023, 2024]"
FR0000120404,ACCOR,FR,EUR,"[2013, 2014, 2015, 2016, 2017, 2018, 2019, 2020, 2021, 2022, 2023, 2024]"
GB0002670437,DEVRO DEAD - DELIST.14/04/23,GB,EUR,"[2013, 2014, 2015, 2016, 2017, 2018, 2019, 2020, 2021]"
GB0005790059,MENZIES (JOHN) DEAD - DELIST.05/08/22,GB,EUR,"[2018, 2019, 2020, 2021]"
DK0061804697,H LUNDBECK A,DK,EUR,[]
IE00BLS09M33,PENTAIR,GB,EUR,"[2015, 2016, 2017, 2018, 2019, 2020, 2021, 2022, 2023, 2024]"
SE0000949331,NOBIA,SE,EUR,"[2013, 2014, 2015, 2016, 2017, 2018, 2019, 2020, 2021, 2022, 2023, 2024]"
GB0005746358,MCBRIDE,GB,EUR,"[2013, 2014, 2015, 2016, 2018, 2019, 2020, 2021, 2022, 2023, 2024, 2025]"
IT0000784154,CATTOLICA ASSICURAZIONI DEAD - DELIST.12/08/22,IT,EUR,"[2016, 2017, 2018, 2019, 2020, 2021]"
FR0010307819,LEGRAND,FR,EUR,"[2019, 2020, 2021, 2022, 2023, 2024]"
GB00B082RF11,RENTOKIL INITIAL,GB,EUR,"[2013, 2014, 2015, 2016, 2017, 2018, 2019, 2020, 2021, 2022, 2023, 2024]"
NL0000360618,SBM OFFSHORE,NL,EUR,"[2013, 2014, 2015, 2016, 2017, 2018, 2019, 2020, 2021, 2022, 2023, 2024]"
FR0000039109,SECHE ENVIRONNEMENT,FR,EUR,"[2019, 2020, 2021, 2022, 2023, 2024]"
GB00B1VNSX38,DRAX GROUP,GB,EUR,"[2013, 2014, 2015, 2016, 2017, 2018, 2019, 2020, 2021, 2022, 2023, 2024]"
FR0000131757,ERAMET,FR,EUR,"[2018, 2019, 2020, 2021, 2022, 2023, 2024]"
ES0132105018,ACERINOX 'R',ES,EUR,"[2017, 2018, 2019, 2020, 2021, 2022, 2023, 2024]"
DE0008404005,ALLIANZ,DE,EUR,"[2013, 2014, 2015, 2016, 2017, 2018, 2019, 2020, 2021, 2022, 2023, 2024]"
ES0171996087,GRIFOLS ORD CL A,ES,EUR,"[2013, 2014, 2015, 2016, 2017, 2018, 2019, 2020, 2021, 2022, 2023, 2024]"
IT0000784196,BANCA PPO.DI SONDRIO,IT,EUR,"[2015, 2016, 2017, 2018, 2019, 2020, 2021, 2022, 2023, 2024]"
BE0003810273,PROXIMUS,BE,EUR,"[2013, 2014, 2015, 2016, 2017, 2018, 2019, 2020, 2021, 2022, 2023, 2024]"
GB00BV9FP302,COMPUTACENTER,GB,EUR,"[2013, 2014, 2015, 2016, 2017, 2018, 2019, 2020, 2021, 2022, 2023, 2024]"
GB00B0FYMT95,HELICAL REIT,GB,EUR,"[2013, 2014, 2015, 2016, 2017, 2018, 2019, 2020, 2021, 2022, 2023, 2024, 2025]"
FR0000120321,L'OREAL,FR,EUR,"[2013, 2014, 2015, 2016, 2017, 2018, 2019, 2020, 2021, 2022, 2023, 2024]"
GB0007370074,RICARDO DEAD - DELIST.13/10/25,GB,EUR,"[2020, 2021, 2022, 2023, 2024, 2025]"
IT0003132476,ENI,IT,EUR,"[2013, 2014, 2015, 2016, 2017, 2018, 2019, 2020, 2021, 2022, 2023, 2024]"
SE0000806994,JM,SE,EUR,"[2013, 2015, 2016, 2017, 2018, 2019, 2020, 2021, 2022, 2023, 2024]"
GB00B1YW4409,3I GROUP,GB,EUR,"[2013, 2014, 2015, 2016, 2017, 2018, 2019, 2020, 2021, 2022, 2023, 2024, 2025]"
CH0244767585,UBS GROUP,CH,EUR,"[2013, 2014, 2015, 2016, 2017, 2018, 2019, 2020, 2021, 2022, 2023, 2024]"
DE0005470405,LANXESS,DE,EUR,"[2013, 2014, 2015, 2016, 2017, 2018, 2019, 2020, 2021, 2022, 2023, 2024]"
FI4000440664,NELES DEAD - DELIST.01/04/22,FI,EUR,"[2013, 2014, 2015, 2016, 2017, 2018, 2019, 2020, 2021]"
GB0001110096,BOOT (HENRY),GB,EUR,"[2019, 2020, 2021, 2022, 2023, 2024]"
NO0010208051,YARA INTERNATIONAL,NO,EUR,"[2015, 2016, 2017, 2018, 2019, 2020, 2021, 2022, 2023, 2024]"
IT0001233417,A2A,IT,EUR,"[2013, 2014, 2015, 2016, 2017, 2018, 2019, 2020, 2021, 2022, 2023, 2024]"
FR0000120859,IMERYS,FR,EUR,"[2013, 2014, 2015, 2016, 2017, 2018, 2019, 2020, 2021, 2022, 2023, 2024]"
FR0010411983,SCOR SE,FR,EUR,"[2019, 2020, 2021, 2022, 2023, 2024]"
GB0009292243,VICTREX,GB,EUR,"[2013, 2014, 2015, 2016, 2017, 2018, 2019, 2020, 2021, 2022, 2023, 2024]"
GB00B03HDJ73,ESKEN LIMITED DEAD - DELIST.02/04/24,GB,EUR,"[2013, 2014, 2015, 2016, 2017, 2018, 2019, 2020, 2021, 2022, 2023]"
US8816242098,TEVA PHARMACEUTICAL INDUSTRIES ADR 1:1,IL,EUR,"[2013, 2014, 2015, 2016, 2017, 2018, 2019, 2020, 2021, 2022, 2023, 2024]"
GB0004866223,KELLER,GB,EUR,"[2013, 2014, 2015, 2016, 2017, 2018, 2019, 2020, 2021, 2023, 2024]"
GB00B19Z1432,PZ CUSSONS,GB,EUR,"[2013, 2014, 2015, 2016, 2017, 2018, 2019, 2020, 2021, 2022, 2023, 2024, 2025]"
ES0117160111,CORPORACION FINCA.ALBA DEAD - DELIST.08/05/25,ES,EUR,"[2019, 2020, 2021, 2022, 2023]"
BE0003797140,GBL NEW,BE,EUR,"[2019, 2020, 2021, 2022, 2023, 2024]"
DE000A0S8488,HAMB.HAFEN UD.LOGISTIK,DE,EUR,"[2013, 2014, 2015, 2016, 2017, 2018, 2019, 2020, 2021, 2022, 2023, 2024]"
CH0013841017,LONZA GROUP,CH,EUR,"[2013, 2014, 2015, 2016, 2017, 2018, 2019, 2020, 2021, 2022, 2023, 2024]"
DE0007314007,HEIDELB.DRUCKMASCHINEN,DE,EUR,"[2018, 2019, 2020, 2021, 2022, 2023, 2024, 2025]"
NL0013267909,AKZO NOBEL,NL,EUR,"[2013, 2014, 2015, 2016, 2017, 2018, 2019, 2020, 2021, 2022, 2023, 2024]"
FR0013176526,VALEO,FR,EUR,"[2013, 2014, 2015, 2016, 2017, 2018, 2019, 2020, 2021, 2022, 2023, 2024]"
IE00BYTBXV33,RYANAIR HOLDINGS,IE,EUR,"[2022, 2023, 2024, 2025]"
NO0010861990,PROSAFE,NO,EUR,[]
SE0015811955,INVESTOR A,SE,EUR,"[2019, 2020, 2021, 2022, 2023, 2024]"
FR0010221234,EUTELSAT COMMUNICATIONS,FR,EUR,"[2021, 2022, 2023, 2024]"
FI0009002422,OUTOKUMPU 'A',FI,EUR,"[2013, 2014, 2015, 2016, 2017, 2018, 2019, 2020, 2021, 2022, 2023, 2024]"
NO0012470089,TOMRA SYSTEMS,NO,EUR,"[2013, 2014, 2015, 2016, 2017, 2018, 2019, 2020, 2021, 2022, 2023, 2024]"
CH0012410517,BALOISE HOLDING DEAD - DELIST.08/12/25,CH,EUR,"[2022, 2023, 2024]"
DE0007236101,SIEMENS,DE,EUR,"[2013, 2014, 2015, 2016, 2017, 2018, 2019, 2020, 2021, 2022, 2023, 2024]"
CH0012138530,CREDIT SUISSE GROUP DEAD - DELIST.14/06/23,CH,EUR,"[2013, 2014, 2015, 2016, 2017, 2018, 2019, 2020, 2021, 2022]"
DE0007100000,MERCEDES-BENZ GROUP N,DE,EUR,"[2013, 2014, 2015, 2016, 2017, 2018, 2019, 2020, 2021, 2022, 2023, 2024]"
DE0007030009,RHEINMETALL,DE,EUR,"[2015, 2016, 2017, 2018, 2019, 2020, 2021, 2022, 2023, 2024]"
GB00B033F229,CENTRICA,GB,EUR,"[2013, 2014, 2015, 2016, 2017, 2018, 2019, 2020, 2021, 2022, 2023, 2024]"
SE0000667891,SANDVIK,SE,EUR,"[2013, 2014, 2015, 2016, 2017, 2018, 2019, 2020, 2021, 2022, 2023, 2024]"
GB00BMJ6DW54,INFORMA,GB,EUR,"[2013, 2014, 2015, 2016, 2017, 2018, 2019, 2020, 2021, 2022, 2023, 2024]"
FR0013505062,VANTIVA,FR,EUR,"[2013, 2014, 2015, 2016, 2017, 2018, 2019, 2020]"
GB0001570810,XAAR,GB,EUR,"[2020, 2021, 2022, 2023, 2024]"
FR0000121972,SCHNEIDER ELECTRIC,FR,EUR,"[2013, 2014, 2015, 2016, 2017, 2018, 2019, 2020, 2021, 2022, 2023, 2024]"
GB0002418548,ELEMENTIS,GB,EUR,"[2013, 2014, 2015, 2016, 2017, 2018, 2019, 2020, 2021, 2022, 2023, 2024]"
PTEDP0AM0009,EDP ENERGIAS DE PORTUGAL,PT,EUR,"[2013, 2014, 2015, 2016, 2017, 2018, 2019, 2020, 2021, 2022, 2023, 2024]"
FR0000053225,M6-METROPOLE TV,FR,EUR,"[2021, 2022, 2023, 2024]"
DE0006602006,GEA GROUP,DE,EUR,"[2014, 2015, 2016, 2017, 2018, 2019, 2020, 2021, 2022, 2023, 2024]"
GB0033986497,ITV,GB,EUR,"[2013, 2014, 2015, 2016, 2017, 2018, 2019, 2020, 2021, 2022, 2023, 2024]"
SE0011166974,FABEGE,SE,EUR,"[2018, 2019, 2020, 2021, 2022, 2023, 2024]"
GB0003452173,FIRST GROUP,GB,EUR,"[2013, 2014, 2015, 2016, 2017, 2018, 2019, 2020, 2021, 2023, 2024, 2025]"
GB00B019KW72,SAINSBURY J,GB,EUR,"[2013, 2014, 2015, 2016, 2017, 2018, 2019, 2020, 2021, 2022, 2023, 2024, 2025]"
FI0009007132,FORTUM,FI,EUR,"[2013, 2014, 2015, 2016, 2017, 2018, 2019, 2020, 2021, 2022, 2023, 2024]"
GB00B8B4R053,STUDIO RETAIL GROUP DEAD - DELIST.25/02/22,GB,EUR,"[2014, 2015, 2016, 2017, 2018, 2019, 2020, 2021]"
GB00B3FLWH99,BODYCOTE,GB,EUR,"[2013, 2014, 2015, 2016, 2017, 2018, 2019, 2020, 2021, 2022, 2023, 2024]"
DE0006047004,HEIDELBERG MATERIALS,DE,EUR,"[2013, 2014, 2015, 2016, 2017, 2018, 2019, 2020, 2021, 2022, 2023, 2024]"
NL0015435975,DAVIDE CAMPARI MILANO,IT,EUR,"[2017, 2018, 2019, 2020, 2021, 2022, 2023, 2024]"
FI0009005870,KONECRANES,FI,EUR,"[2013, 2014, 2015, 2016, 2017, 2018, 2019, 2020, 2021, 2022, 2023, 2024]"
ES0148396007,INDUSTRIA DE DISENO TEXTIL,ES,EUR,"[2013, 2014, 2015, 2016, 2017, 2018, 2019, 2020, 2021, 2022, 2023, 2024, 2025]"
SE0011256312,ENIRO GROUP,SE,EUR,[]
BE0974256852,COLRUYT GROUP,BE,EUR,"[2022, 2023, 2024]"
FR0010242511,EDF DEAD - DELIST.08/06/23,FR,EUR,"[2017, 2018, 2019, 2020, 2021, 2022]"
NL0000235190,AIRBUS,NL,EUR,"[2013, 2014, 2015, 2016, 2017, 2018, 2019, 2020, 2021, 2022, 2023, 2024]"
NL00150001Q9,STELLANTIS,NL,EUR,"[2013, 2014, 2015, 2016, 2017, 2018, 2019, 2020, 2021, 2022, 2023, 2024]"
FR0010040865,GECINA,FR,EUR,"[2014, 2015, 2016, 2017, 2018, 2019, 2020, 2021, 2022, 2023, 2024]"
NL0000289213,WERELDHAVE,NL,EUR,"[2013, 2014, 2015, 2016, 2017, 2018, 2019, 2020, 2021, 2022, 2023, 2024]"
JE00B8KF9B49,WPP,GB,EUR,"[2013, 2014, 2015, 2016, 2017, 2019, 2020, 2021, 2022, 2023, 2024]"
GB00B64NSP76,COSTAIN GROUP,GB,EUR,"[2018, 2019, 2020, 2021, 2022, 2023, 2024]"
SE0000108656,ERICSSON B,SE,EUR,"[2013, 2014, 2015, 2016, 2017, 2018, 2019, 2020, 2021, 2022, 2023]"
GB00B17MMZ46,LOOKERS DEAD - DELIST.09/10/23,GB,EUR,"[2015, 2016, 2017, 2018, 2019, 2020, 2021, 2022]"
AT0000746409,VERBUND,AT,EUR,"[2013, 2014, 2015, 2016, 2017, 2018, 2019, 2020, 2021, 2022, 2023, 2024]"
GB00BYQ0JC66,BEAZLEY,GB,EUR,"[2016, 2017, 2018, 2019, 2020, 2021, 2022, 2023, 2024]"
DE0007507501,WASHTEC,DE,EUR,"[2019, 2020, 2021, 2022, 2023]"
GB00B02J6398,ADMIRAL GROUP,GB,EUR,"[2013, 2014, 2015, 2016, 2017, 2018, 2019, 2020, 2021, 2022, 2023, 2024]"
ES0112501012,EBRO FOODS,ES,EUR,"[2013, 2014, 2015, 2016, 2017, 2018, 2019, 2020, 2021, 2022, 2023, 2024]"
GB0030329360,WINCANTON DEAD - DELIST.30/04/24,GB,EUR,"[2017, 2018, 2019, 2020, 2021, 2022, 2023]"
IL0006625771,BANK HAPOALIM B M LTD.,IL,EUR,"[2013, 2014, 2015, 2016, 2017, 2018, 2019, 2020, 2021, 2022, 2023]"
DE000CLS1001,MCKESSON EUROPE DEAD - DELIST.15/06/23,DE,EUR,"[2016, 2017]"
AT0000908504,VIENNA INSURANCE GROUP A,AT,EUR,"[2019, 2020, 2021, 2022, 2023, 2024]"
DE0006070006,HOCHTIEF,DE,EUR,"[2013, 2014, 2015, 2016, 2017, 2018, 2019, 2020, 2021, 2022, 2023, 2024]"
GB00BYYTFB60,HOMESERVE DEAD - DELIST.05/01/23,GB,EUR,"[2013, 2014, 2015, 2016, 2017, 2018, 2019, 2020, 2021]"
GB00B01QGK86,NCC GROUP,GB,EUR,"[2015, 2016, 2019, 2020, 2021, 2022, 2023, 2024]"
IT0005496473,TESSELLIS,IT,EUR,"[2018, 2019, 2020, 2021, 2022]"
FR0000133308,ORANGE,FR,EUR,"[2013, 2014, 2015, 2016, 2017, 2018, 2019, 2020, 2021, 2022, 2023, 2024]"
FR0000035081,ICADE REIT,FR,EUR,"[2014, 2015, 2016, 2017, 2018, 2019, 2020, 2021, 2022, 2023, 2024]"
GB00BWFGQN14,SPIRAX GROUP,GB,EUR,"[2013, 2014, 2015, 2016, 2017, 2018, 2019, 2020, 2021, 2022, 2023, 2024]"
DK0010274414,DANSKE BANK,DK,EUR,"[2013, 2014, 2015, 2016, 2017, 2018, 2019, 2020, 2021, 2022, 2023, 2024]"
IL0006954379,MIZRAHI TEFAHOT LTD.,IL,EUR,"[2013, 2014, 2015, 2016, 2017, 2018, 2019, 2020, 2021, 2022, 2023, 2024]"
FR0000130809,SOCIETE GENERALE,FR,EUR,"[2013, 2014, 2015, 2016, 2017, 2018, 2019, 2020, 2021, 2022, 2023, 2024]"
FR0013506730,VALLOUREC,FR,EUR,"[2013, 2014, 2015, 2016, 2017, 2018, 2019, 2020, 2021, 2022, 2023, 2024]"
IE00BF0L3536,AIB GROUP,IE,EUR,"[2016, 2017, 2018, 2019, 2020, 2021, 2022, 2023, 2024]"
AT0000730007,ANDRITZ,AT,EUR,"[2018, 2019, 2020, 2021, 2022, 2023, 2024]"
NL0009432491,KONINKLIJKE VOPAK,NL,EUR,"[2013, 2014, 2015, 2016, 2017, 2018, 2019, 2020, 2021, 2022, 2023, 2024]"
GB0006928617,UNITE GROUP,GB,EUR,"[2013, 2014, 2015, 2016, 2017, 2018, 2019, 2020, 2021, 2022, 2023, 2024]"
ES0122060314,FOMENTO CONSTR.Y CNTR.,ES,EUR,"[2013, 2014, 2015, 2016, 2017, 2018, 2019, 2020, 2021, 2022, 2023, 2024]"
GB00BLGZ9862,TESCO,GB,EUR,"[2013, 2014, 2015, 2016, 2017, 2018, 2019, 2020, 2021, 2022, 2023, 2024, 2025]"
GB00B572ZV91,PHAROS ENERGY,GB,EUR,"[2013, 2014]"
DE0005552004,DEUTSCHE POST,DE,EUR,"[2013, 2014, 2015, 2016, 2017, 2018, 2019, 2020, 2021, 2022, 2023, 2024]"
GB0000961622,BALFOUR BEATTY,GB,EUR,"[2013, 2014, 2015, 2016, 2017, 2018, 2019, 2020, 2021, 2022, 2023, 2024]"
GB0002652740,DERWENT LONDON,GB,EUR,"[2013, 2014, 2015, 2016, 2017, 2018, 2019, 2020, 2021, 2022, 2023, 2024]"
IT0003497168,TELECOM ITALIA,IT,EUR,"[2013, 2014, 2015, 2016, 2017, 2018, 2019, 2020, 2021, 2022, 2023, 2024]"
GB0008085614,MORGAN SINDALL GROUP,GB,EUR,"[2013, 2014, 2015, 2016, 2017, 2018, 2019, 2020, 2021, 2022, 2023, 2024]"
GB00BM8Q5M07,JD SPORTS FASHION,GB,EUR,"[2014, 2015, 2016, 2017, 2018, 2019, 2020, 2021, 2022, 2023, 2024, 2025]"
NL0000009165,HEINEKEN,NL,EUR,"[2013, 2014, 2015, 2016, 2017, 2018, 2019, 2020, 2021, 2022, 2023, 2024]"
DE0006599905,MERCK KGAA,DE,EUR,"[2013, 2014, 2015, 2016, 2017, 2018, 2019, 2020, 2021, 2022, 2023, 2024]"
GB0004170089,HEADLAM GROUP,GB,EUR,"[2015, 2016, 2017, 2018, 2019, 2020, 2021, 2022, 2023, 2024]"
FR0000121014,LVMH,FR,EUR,"[2013, 2014, 2015, 2016, 2017, 2018, 2019, 2020, 2021, 2022, 2023, 2024]"
SE0011090018,HOLMEN B,SE,EUR,"[2013, 2014, 2015, 2016, 2017, 2018, 2019, 2020, 2021, 2022, 2023, 2024]"
CH1256740924,SGS 'N',CH,EUR,"[2013, 2014, 2015, 2016, 2017, 2018, 2019, 2020, 2021, 2022, 2023, 2024]"
DE0005408884,LEONI DEAD - DELIST.21/08/23,DE,EUR,"[2015, 2016, 2017, 2018, 2019, 2020, 2021, 2022]"
NL0010273215,ASML HOLDING,NL,EUR,"[2013, 2014, 2015, 2016, 2017, 2018, 2019, 2020, 2021, 2022, 2023, 2024]"
ES0161560018,MINOR HOTELS EUROPE & AMERICAS,ES,EUR,"[2017, 2018, 2019, 2020, 2021, 2022, 2023]"
GB0006776081,PEARSON,GB,EUR,"[2013, 2014, 2015, 2016, 2017, 2018, 2019, 2020, 2021, 2022, 2023, 2024]"
GB0004657408,MITIE GROUP,GB,EUR,"[2013, 2014, 2015, 2016, 2017, 2018, 2019, 2020, 2021, 2022, 2023, 2024, 2025]"
GB0008025412,SIG,GB,EUR,"[2013, 2014, 2015, 2016, 2017, 2018, 2019, 2020, 2021, 2022, 2023, 2024]"
SE0020050417,BOLIDEN ORD SHS,SE,EUR,"[2013, 2014, 2015, 2016, 2017, 2018, 2019, 2020, 2021, 2022, 2023, 2024]"
GB00BYW0PQ60,LAND SECURITIES GROUP,GB,EUR,"[2013, 2014, 2015, 2016, 2017, 2018, 2019, 2020, 2021, 2022, 2023, 2024, 2025]"
DE0005089031,UNITED INTERNET,DE,EUR,"[2016, 2017, 2018, 2019, 2020, 2021, 2022, 2023, 2024]"
GB0007099541,PRUDENTIAL,GB,EUR,"[2013, 2014, 2015, 2016, 2017, 2018, 2019, 2020, 2021, 2022, 2023, 2024]"
GB00B1L5QH97,RANK GROUP,GB,EUR,"[2014, 2015, 2016, 2017, 2018, 2019, 2020, 2021, 2022, 2023, 2024, 2025]"
FR0000064578,COVIVIO,FR,EUR,"[2013, 2014, 2015, 2016, 2017, 2018, 2019, 2020, 2021, 2022, 2023, 2024]"
ES0125220311,ACCIONA,ES,EUR,"[2013, 2014, 2015, 2016, 2017, 2018, 2019, 2020, 2021, 2022, 2023, 2024]"
BE0003739530,UCB,BE,EUR,"[2013, 2014, 2015, 2016, 2017, 2018, 2019, 2020, 2021, 2022, 2023, 2024]"
GB0001367019,BRITISH LAND,GB,EUR,"[2013, 2014, 2015, 2016, 2017, 2018, 2019, 2020, 2021, 2022, 2023, 2024, 2025]"
GB0009633180,DECHRA PHARMACEUTICALS DEAD - DELIST.17/01/24,GB,EUR,"[2014, 2015, 2016, 2017, 2018, 2019, 2020, 2021, 2022, 2023]"
DK0060477503,TOPDANMARK DEAD - DELIST.21/10/24,DK,EUR,"[2013, 2017, 2018, 2019, 2020, 2021, 2022, 2023]"
FR0000054470,UBISOFT ENTERTAINMENT CAT A,FR,EUR,"[2021, 2022, 2023, 2024, 2025]"
SE0000112724,SVENSKA CELLULOSA AKTIEBOLAGET SCA B,SE,EUR,"[2013, 2014, 2015, 2016, 2017, 2018, 2019, 2020, 2021, 2022, 2023, 2024]"
FR0000130395,REMY COINTREAU,FR,EUR,"[2013, 2014, 2015, 2016, 2017, 2018, 2019, 2020, 2021, 2022, 2023, 2024, 2025]"
NO0003054108,MOWI,NO,EUR,"[2013, 2014, 2015, 2016, 2017, 2018, 2019, 2020, 2021, 2022, 2023, 2024]"
NO0010096985,EQUINOR,NO,EUR,"[2014, 2015, 2016, 2017, 2018, 2019, 2020, 2021, 2022, 2023, 2024]"
GB0001667087,CAMELLIA,GB,EUR,"[2019, 2020, 2021, 2022, 2023, 2024]"
FR0010340141,ADP,FR,EUR,"[2013, 2014, 2015, 2016, 2017, 2018, 2019, 2020, 2021, 2022, 2023, 2024]"
IT0003856405,LEONARDO,IT,EUR,"[2013, 2014, 2015, 2016, 2017, 2018, 2019, 2020, 2021, 2022, 2023, 2024]"
NL0000226223,STMICROELECTRONICS,NL,EUR,"[2013, 2014, 2015, 2016, 2017, 2018, 2019, 2020, 2021, 2022, 2023, 2024]"
FR0000121220,SODEXO,FR,EUR,"[2021, 2022, 2023, 2024, 2025]"
GB00BJQZC279,DAILY MAIL 'A' DEAD - DELIST.10/01/22,GB,EUR,"[2013, 2014, 2015, 2016, 2017, 2018, 2019, 2020, 2021, 2022]"
DE000BAY0017,BAYER,DE,EUR,"[2013, 2014, 2015, 2016, 2017, 2018, 2019, 2020, 2021, 2022, 2023, 2024]"
BE0974338700,TITAN,BE,EUR,"[2023, 2024]"
DK0060448595,COLOPLAST B,DK,EUR,"[2013, 2014, 2015, 2016, 2017, 2018, 2019, 2020, 2021, 2022, 2023, 2024]"
FR0000130452,EIFFAGE,FR,EUR,"[2021, 2022, 2023, 2024]"
FR0000120644,DANONE,FR,EUR,"[2013, 2014, 2015, 2016, 2017, 2018, 2019, 2020, 2021, 2022, 2023, 2024]"
GB0009223206,SMITH & NEPHEW,GB,EUR,"[2013, 2014, 2015, 2016, 2017, 2018, 2019, 2020, 2021, 2022, 2023, 2024]"
IE0003864109,GREENCORE GROUP,IE,EUR,"[2013, 2014, 2015, 2016, 2017, 2018, 2019, 2020, 2021, 2022, 2023, 2024]"
BE0974320526,UMICORE,BE,EUR,"[2017, 2018, 2019, 2020, 2021, 2022, 2023, 2024]"
GB00BP6MXD84,SHELL,GB,EUR,"[2013, 2014, 2015, 2016, 2017, 2018, 2019, 2020, 2021, 2022, 2023, 2024]"
BE0974264930,AGEAS (EX-FORTIS),BE,EUR,"[2019, 2020, 2021, 2022, 2023, 2024]"
GB00B128J450,IP GROUP,GB,EUR,"[2015, 2016, 2017, 2018, 2019, 2020, 2021, 2022, 2023, 2024]"
GB00B63H8491,ROLLS-ROYCE HOLDINGS,GB,EUR,"[2013, 2014, 2015, 2016, 2017, 2018, 2019, 2020, 2021, 2022, 2023, 2024]"
CH0102484968,JULIUS BAER GRUPPE,CH,EUR,"[2014, 2015, 2016, 2017, 2018, 2019, 2020, 2021, 2022, 2023, 2024]"
GB00B2B0DG97,RELX,GB,EUR,"[2013, 2014, 2015, 2016, 2017, 2018, 2019, 2020, 2021, 2022, 2023, 2024]"
NO0005052605,NORSK HYDRO,NO,EUR,"[2013, 2014, 2015, 2016, 2017, 2018, 2019, 2020, 2021, 2022, 2023, 2024]"
GB00B132NW22,ASHMORE GROUP,GB,EUR,"[2013, 2014, 2015, 2016, 2017, 2018, 2019, 2020, 2021, 2022, 2023, 2024]"
NO0010199151,PGS DEAD - DELIST.02/07/24,NO,EUR,"[2013, 2014, 2015, 2016, 2017, 2018, 2019, 2020, 2021, 2022, 2023]"
FI0009005318,NOKIAN RENKAAT,FI,EUR,"[2013, 2014, 2015, 2016, 2017, 2018, 2019, 2020, 2021, 2022, 2023, 2024]"
CH0022268228,EFG INTERNATIONAL N,CH,EUR,"[2022, 2023, 2024]"
GB00BH4HKS39,VODAFONE GROUP,GB,EUR,"[2013, 2014, 2015, 2016, 2017, 2018, 2019, 2020, 2021, 2022, 2023, 2024, 2025]"
GB0008706128,LLOYDS BANKING GROUP,GB,EUR,"[2013, 2014, 2015, 2016, 2017, 2018, 2019, 2020, 2021, 2022, 2023, 2024]"
GB0009465807,WEIR GROUP,GB,EUR,"[2013, 2014, 2015, 2016, 2017, 2018, 2019, 2020, 2021, 2022, 2023, 2024]"
NO0003053605,STOREBRAND,NO,EUR,"[2017, 2018, 2019, 2020, 2021, 2022, 2023, 2024]"
FI0009013403,KONE B,FI,EUR,"[2013, 2014, 2015, 2016, 2017, 2018, 2019, 2020, 2021, 2022, 2023, 2024]"
ES0173516115,REPSOL YPF,ES,EUR,"[2013, 2014, 2015, 2016, 2017, 2018, 2019, 2020, 2021, 2022, 2023, 2024]"
SE0001662230,HUSQVARNA B,SE,EUR,"[2013, 2014, 2015, 2016, 2017, 2018, 2019, 2020, 2021, 2022, 2023, 2024]"
FR0010220475,ALSTOM,FR,EUR,"[2013, 2014, 2015, 2016, 2017, 2018, 2019, 2020, 2021, 2022, 2023, 2024, 2025]"
GB00B00FPT80,CHESNARA,GB,EUR,"[2019, 2022, 2023, 2024]"
GB0006731235,ASSOCIATED BRIT.FOODS,GB,EUR,"[2014, 2017, 2018, 2019, 2020, 2021, 2022, 2023, 2024, 2025]"
GB0006027295,MORGAN ADVANCED MRA.,GB,EUR,"[2013, 2014, 2015, 2016, 2017, 2018, 2019, 2020, 2021, 2022, 2023, 2024]"
GB00B8C3BL03,THE SAGE GROUP,GB,EUR,"[2013, 2014, 2015, 2016, 2017, 2018, 2019, 2020, 2021, 2022, 2023, 2024]"
GB00BD736828,AIR PARTNER DEAD - DEAD 04/04/22,GB,EUR,[2021]
AT0000720008,TELEKOM AUSTRIA,AT,EUR,"[2013, 2014, 2015, 2016, 2017, 2018, 2019, 2020, 2021, 2022, 2023, 2024]"
NL0011794037,KONINKLIJKE AHOLD DELHAIZE,NL,EUR,"[2013, 2014, 2015, 2016, 2017, 2018, 2021, 2022, 2023, 2024]"
GB0033147751,BLOOMSBURY PBL.,GB,EUR,"[2021, 2022, 2023, 2024, 2025]"
GB00BJT0FF39,RM,GB,EUR,"[2020, 2021, 2022, 2023, 2024]"
CH1175448666,STRAUMANN HLDG.,CH,EUR,"[2013, 2014, 2015, 2016, 2017, 2018, 2019, 2020, 2021, 2022, 2023, 2024]"
GB0006215205,MOBICO GROUP,GB,EUR,"[2013, 2014, 2015, 2016, 2017, 2018, 2019, 2020, 2021, 2022, 2023, 2024]"
GB0004915632,KIER GROUP,GB,EUR,"[2014, 2015, 2016, 2017, 2018, 2019, 2020, 2021, 2022, 2023, 2024, 2025]"
GB00BRB37M78,DIGNITY DEAD - DELIST.25/05/23,GB,EUR,"[2013, 2014, 2015, 2016, 2017, 2018, 2019, 2020, 2021, 2022]"
DK0010181759,CARLSBERG B,DK,EUR,"[2019, 2020, 2021, 2022, 2023, 2024]"
FI0009000681,NOKIA,FI,EUR,"[2013, 2014, 2015, 2016, 2017, 2018, 2019, 2020, 2021, 2022, 2023]"
GB0001638955,WETHERSPOON (JD),GB,EUR,"[2016, 2017, 2018, 2019, 2020, 2021, 2022, 2023, 2024, 2025]"
GB00BM8PJY71,NATWEST GROUP,GB,EUR,"[2013, 2014, 2015, 2016, 2017, 2018, 2019, 2020, 2021, 2022, 2023, 2024]"
FR0000131104,BNP PARIBAS,FR,EUR,"[2013, 2014, 2015, 2016, 2017, 2018, 2019, 2020, 2021, 2022, 2023, 2024]"
GB0033195214,KINGFISHER,GB,EUR,"[2013, 2014, 2015, 2016, 2017, 2018, 2019, 2020, 2021, 2022, 2023, 2024]"
GB0001826634,DIPLOMA,GB,EUR,"[2013, 2014, 2015, 2016, 2017, 2018, 2019, 2020, 2021, 2022, 2023, 2024, 2025]"
IL0005930388,FIRST INTL.BK.OF ISR.,IL,EUR,"[2020, 2021, 2022, 2023, 2024]"
GB0007594764,RPS GROUP DEAD - DELIST.24/01/23,GB,EUR,"[2013, 2014, 2015, 2016, 2017, 2018, 2019, 2020, 2021]"
GB0005603997,LEGAL & GENERAL,GB,EUR,"[2013, 2014, 2015, 2016, 2017, 2018, 2019, 2020, 2021, 2022, 2023, 2024]"
IE0002424939,DCC,IE,EUR,"[2013, 2014, 2015, 2016, 2017, 2018, 2019, 2020, 2021, 2022, 2023, 2024]"
GB0000904986,BELLWAY,GB,EUR,"[2014, 2015, 2016, 2017, 2018, 2019, 2020, 2021, 2022, 2023, 2024, 2025]"
GB00B0744359,ESSENTRA,GB,EUR,"[2013, 2014, 2015, 2016, 2017, 2018, 2019, 2020, 2021, 2022, 2023, 2024]"
IL0002300114,BEZEQ ISRAELI TELECOMMUNICATION,IL,EUR,"[2017, 2018, 2019, 2020, 2021, 2022, 2023]"
CH1169151003,GEORG FISCHER,CH,EUR,"[2013, 2014, 2015, 2016, 2017, 2018, 2019, 2020, 2021, 2022, 2023]"
GB00B3CX3644,STV GROUP,GB,EUR,"[2020, 2021, 2022, 2023, 2024]"
CH0030170408,GEBERIT 'R',CH,EUR,"[2013, 2014, 2015, 2016, 2017, 2018, 2019, 2020, 2021, 2022, 2023, 2024]"
AT0000606306,RAIFFEISEN BANK INTL.,AT,EUR,"[2013, 2014, 2015, 2016, 2017, 2018, 2019, 2020, 2021, 2022, 2023, 2024]"
DE0006231004,INFINEON TECHNOLOGIES,DE,EUR,"[2013, 2014, 2015, 2016, 2017, 2018, 2019, 2020, 2021, 2022, 2023, 2024]"
NO0010215684,AKASTOR,NO,EUR,"[2017, 2018, 2019, 2020, 2021, 2022, 2023, 2024]"
FR0000120578,SANOFI,FR,EUR,"[2013, 2014, 2015, 2016, 2017, 2018, 2019, 2020, 2021, 2022, 2023, 2024]"
CH0012032048,ROCHE HOLDING,CH,EUR,"[2013, 2014, 2015, 2016, 2017, 2018, 2019, 2020, 2021, 2022, 2023, 2024]"
DE0007037129,RWE,DE,EUR,"[2013, 2014, 2015, 2016, 2017, 2018, 2019, 2020, 2021, 2022, 2023, 2024]"
FR0000044448,NEXANS,FR,EUR,"[2015, 2016, 2017, 2018, 2019, 2020, 2021, 2022, 2023, 2024]"
IE00BDB6Q211,WILLIS TOWERS WATSON,GB,EUR,"[2019, 2021, 2022, 2023]"
CH0012214059,HOLCIM,CH,EUR,"[2013, 2014, 2015, 2016, 2017, 2018, 2019, 2020, 2021, 2022, 2023, 2024]"
GB00B6YTLS95,STAGECOACH GROUP DEAD - DELIST.28/06/22,GB,EUR,"[2013, 2014, 2015, 2016, 2017, 2018, 2019, 2020, 2021]"
SE0018012494,MODERN TIMES GROUP MTG B,SE,EUR,"[2013, 2014, 2015, 2016, 2017, 2018, 2019, 2020, 2021, 2022, 2023, 2024]"
GB0004082847,STANDARD CHARTERED,GB,EUR,"[2013, 2014, 2015, 2016, 2017, 2018, 2019, 2020, 2021, 2022, 2023, 2024]"
IE00BD1RP616,BANK OF IRELAND GROUP,IE,EUR,"[2019, 2020, 2021, 2022, 2023, 2024]"
GB00BF044593,CLS HOLDINGS,GB,EUR,"[2013, 2014, 2015, 2016, 2017, 2018, 2019, 2020, 2021, 2022, 2023, 2024]"
BE0003593044,COFINIMMO,BE,EUR,"[2013, 2014, 2015, 2016, 2017, 2018, 2019, 2020, 2021, 2022, 2023, 2024]"
GB0009286963,VP,GB,EUR,"[2019, 2020, 2021, 2022, 2023, 2024, 2025]"
GB00B7KR2P84,EASYJET,GB,EUR,"[2013, 2020, 2021, 2022, 2023, 2024]"
FR0010313833,ARKEMA,FR,EUR,"[2013, 2015, 2016, 2017, 2018, 2019, 2020, 2021, 2022, 2023, 2024]"
FI0009003727,WARTSILA,FI,EUR,"[2013, 2014, 2015, 2016, 2017, 2018, 2019, 2020, 2021, 2022, 2023, 2024]"
GB0007388407,LIONTRUST ASSET MAN.,GB,EUR,"[2020, 2021, 2022, 2023, 2024]"
DE0007164600,SAP,DE,EUR,"[2013, 2014, 2020, 2021, 2022, 2023, 2024]"
GB0008475088,ROBERT WALTERS,GB,EUR,"[2019, 2020, 2021, 2022, 2023, 2024]"
FR0013280286,BIOMERIEUX,FR,EUR,"[2013, 2014, 2016, 2017, 2018, 2019, 2020, 2021, 2022, 2023, 2024]"
FR0000052292,HERMES INTL.,FR,EUR,"[2018, 2019, 2020, 2021, 2022, 2023, 2024]"
GB0007668071,CLOSE BROTHERS GROUP,GB,EUR,"[2013, 2014, 2015, 2016, 2017, 2018, 2019, 2020, 2021, 2022, 2023, 2024, 2025]"
DK0010311471,AL SYDBANK,DK,EUR,"[2017, 2018, 2019, 2020, 2021, 2022, 2023, 2024]"
FR0000125338,CAPGEMINI,FR,EUR,"[2013, 2014, 2015, 2016, 2017, 2018, 2019, 2020, 2021, 2022, 2023, 2024]"
GB0003718474,GAMES WORKSHOP,GB,EUR,"[2018, 2019, 2020, 2021, 2022, 2023, 2024]"
NL0010583399,CORBION NV C,NL,EUR,"[2013, 2014, 2015, 2016, 2017, 2018, 2019, 2020, 2021, 2022, 2023, 2024]"
FR0000125486,VINCI,FR,EUR,"[2022, 2023, 2024]"
GB0003753778,GO-AHEAD GROUP DEAD - DELIST.11/10/22,GB,EUR,"[2014, 2015, 2016, 2017, 2018, 2019, 2020]"
GB00B2NGPM57,PARAGON BANKING GROUP,GB,EUR,"[2013, 2014, 2015, 2016, 2017, 2018, 2019, 2020, 2021, 2022, 2023, 2024]"
CH0012138605,ADECCO GROUP,CH,EUR,"[2013, 2014, 2015, 2016, 2017, 2018, 2019, 2020, 2021, 2022, 2023, 2024]"
NL0000337319,BAM GROEP KON.,NL,EUR,"[2013, 2014, 2015, 2016, 2017, 2018, 2019, 2020, 2021, 2022, 2023, 2024]"
DE0006202005,SALZGITTER,DE,EUR,"[2016, 2017, 2018, 2019, 2020, 2021, 2022, 2023, 2024]"
PTJMT0AE0001,JERONIMO MARTINS,PT,EUR,"[2013, 2014, 2015, 2016, 2017, 2018, 2019, 2020, 2021, 2022, 2023, 2024]"
GB0006449366,ECORA ROYALTIES,GB,EUR,"[2019, 2020, 2021, 2022, 2023, 2024]"
GB0007908733,SSE,GB,EUR,"[2013, 2014, 2015, 2016, 2017, 2018, 2019, 2020, 2021, 2022, 2023, 2024, 2025]"
AT00000VIE62,FLUGHAFEN WIEN,AT,EUR,"[2015, 2016, 2017, 2018, 2019, 2020, 2021, 2022, 2023, 2024]"
GB00B1FW5029,HOCHSCHILD MINING,GB,EUR,"[2013, 2014, 2015, 2016, 2017, 2018, 2019, 2020, 2021, 2022, 2023, 2024]"
GB00BJFFLV09,CRODA INTERNATIONAL,GB,EUR,"[2013, 2014, 2015, 2016, 2017, 2018, 2019, 2020, 2021, 2022, 2023, 2024]"
DK0010244508,A P MOLLER MAERSK B,DK,EUR,"[2013, 2014, 2015, 2016, 2017, 2018, 2019, 2020, 2021, 2022, 2023, 2024]"
DE0005140008,DEUTSCHE BANK,DE,EUR,"[2013, 2014, 2015, 2016, 2017, 2018, 2019, 2020, 2021, 2022, 2023, 2024]"
NO0003028904,VEND SERA DEAD - DELIST.28/10/25,NO,EUR,"[2013, 2014, 2015, 2016, 2017, 2018, 2019, 2020, 2024]"
GB00BJ1F4N75,MICRO FOCUS INTL. DEAD - DELIST.01/02/23,GB,EUR,"[2013, 2020, 2021]"
IL0010811243,ELBIT SYSTEMS,IL,EUR,"[2013, 2014, 2015, 2016, 2017, 2018, 2019, 2020, 2021, 2022, 2023]"
GB0030181522,TRIBAL GROUP,GB,EUR,"[2019, 2020, 2021, 2022, 2023, 2024]"
FR0000120628,AXA,FR,EUR,"[2013, 2014, 2015, 2016, 2017, 2018, 2019, 2020, 2021, 2022, 2023, 2024]"
SE0000667925,TELIA COMPANY,SE,EUR,"[2013, 2014, 2015, 2016, 2017, 2018, 2019, 2020, 2021, 2022, 2023, 2024]"
IT0003242622,TERNA RETE ELETTRICA NAZ,IT,EUR,"[2013, 2014, 2015, 2016, 2017, 2018, 2019, 2020, 2021, 2022, 2023, 2024]"
SE0000190126,INDUSTRIVARDEN A,SE,EUR,"[2016, 2017, 2018, 2019, 2020, 2021, 2022, 2023, 2024]"
GB0002018363,CLARKSON,GB,EUR,"[2015, 2016, 2017, 2018, 2019, 2020, 2021, 2022, 2023, 2024]"
GB00BNGDN821,MELROSE INDUSTRIES,GB,EUR,"[2013, 2014, 2015, 2016, 2017, 2018, 2019, 2020, 2021, 2022, 2023, 2024]"
GB00BP9LHF23,SCHRODERS,GB,EUR,"[2013, 2014, 2015, 2016, 2017, 2018, 2019, 2020, 2021, 2022, 2023, 2024]"
FR001400AJ45,MICHELIN,FR,EUR,"[2014, 2015, 2016, 2017, 2018, 2019, 2020, 2021, 2022, 2023, 2024]"
AT0000938204,MAYR-MELNHOF KARTON,AT,EUR,"[2019, 2020, 2021, 2022, 2023, 2024]"
GB0005405286,HSBC HOLDINGS,GB,EUR,"[2018, 2019, 2020, 2021, 2022, 2023, 2024]"
GB00B27YGJ97,SEVERFIELD,GB,EUR,"[2014, 2015, 2016, 2017, 2018, 2019, 2020, 2021, 2022, 2023, 2024, 2025]"
ES0124244E34,MAPFRE,ES,EUR,"[2013, 2014, 2015, 2016, 2017, 2018, 2019, 2020, 2021, 2022, 2023, 2024]"
GB00B63QSB39,GREGGS,GB,EUR,"[2013, 2014, 2015, 2016, 2017, 2018, 2019, 2020, 2021, 2022, 2023, 2024]"
GB00B5ZN1N88,SEGRO,GB,EUR,"[2013, 2014, 2015, 2016, 2017, 2018, 2019, 2020, 2021, 2022, 2023, 2024]"
GB0003096442,RS GROUP,GB,EUR,"[2013, 2014, 2015, 2016, 2017, 2018, 2019, 2020, 2021, 2022, 2023, 2024, 2025]"
FR0014003TT8,DASSAULT SYSTEMES,FR,EUR,"[2013, 2014, 2015, 2016, 2017, 2018, 2019, 2020, 2021, 2022, 2023, 2024]"
GB00B012BV22,MARSHALLS,GB,EUR,"[2013, 2014, 2015, 2016, 2017, 2018, 2019, 2020, 2021, 2022, 2023, 2024]"
CH0025751329,LOGITECH 'R',CH,EUR,"[2013, 2014, 2015, 2016, 2017, 2018, 2019, 2020, 2021, 2022, 2023, 2024]"
DE0005785802,FRESENIUS MED.CARE,DE,EUR,"[2017, 2018, 2019, 2020, 2021, 2022, 2023, 2024]"
FI4000297767,NORDEA BANK,FI,EUR,"[2016, 2017, 2018, 2019, 2020, 2021, 2022, 2023, 2024]"
IE00BWB8X525,PERMANENT TSB GHG.,IE,EUR,"[2022, 2023, 2024]"
FI0009005961,STORA ENSO R,FI,EUR,"[2013, 2014, 2015, 2016, 2017, 2018, 2019, 2020, 2021, 2022, 2023, 2024]"
GB0031274896,MARKS & SPENCER GROUP,GB,EUR,"[2013, 2014, 2015, 2016, 2017, 2018, 2019, 2020, 2021, 2022, 2023, 2024, 2025]"
GB00BF5H9P87,GREAT PORTLAND ESTATES,GB,EUR,"[2013, 2014, 2015, 2016, 2017, 2018, 2019, 2020, 2021, 2022, 2023, 2024, 2025]"
ES0171743901,PROMOTORA DE INFORMACIONES,ES,EUR,"[2014, 2015, 2016, 2017, 2018, 2019, 2020]"
CH0038863350,NESTLE 'N',CH,EUR,"[2013, 2014, 2015, 2016, 2017, 2018, 2019, 2020, 2021, 2022, 2023, 2024]"
GB00B1FP6H53,MITCHELLS & BUTLERS,GB,EUR,"[2013, 2014, 2015, 2016, 2017, 2018, 2019, 2020, 2021, 2022, 2023, 2024, 2025]"
GB0008481250,ME GROUP INTERNATIONAL,GB,EUR,"[2018, 2019, 2020, 2021, 2022, 2023, 2024]"
DE0007257503,CECONOMY,DE,EUR,"[2013, 2014, 2015, 2016, 2017, 2018, 2019, 2020, 2021, 2022, 2023, 2024]"
FR0000120172,CARREFOUR,FR,EUR,"[2013, 2014, 2015, 2016, 2017, 2018, 2019, 2020, 2021, 2022, 2023]"
GB0000600931,BRAEMAR,GB,EUR,"[2021, 2022, 2023, 2024, 2025]"
IL0002810146,ICL GROUP,IL,EUR,"[2013, 2014, 2015, 2016, 2017, 2018, 2019, 2020, 2021, 2022, 2023, 2024]"
GB0005630420,MEARS GROUP,GB,EUR,"[2019, 2020, 2021, 2022, 2023]"
IT0005508921,BANCA MONTE DEI PASCHI,IT,EUR,"[2013, 2014, 2015, 2016]"
CH0000816824,OC OERLIKON CORPORATION,CH,EUR,"[2019, 2020, 2021, 2022, 2023, 2024]"
IT0000062072,GENERALI,IT,EUR,"[2013, 2014, 2015, 2016, 2017, 2018, 2019, 2020, 2021, 2022, 2023, 2024]"
SE0000862997,BILLERUD AKTIEBOLAG,SE,EUR,"[2013, 2014, 2015, 2016, 2017, 2018, 2019, 2020, 2021, 2022, 2023, 2024]"
GB0002015021,TCLARKE DEAD - DELIST.26/06/24,GB,EUR,"[2020, 2021, 2022, 2023]"
GB00B1G5HX72,LSL PROPERTY SERVICES,GB,EUR,"[2018, 2019, 2020, 2021, 2022, 2023, 2024]"
GB0007980591,BP,GB,EUR,"[2013, 2014, 2015, 2016, 2017, 2018, 2019, 2020, 2021, 2022, 2023, 2024]"
IT0003506190,ATLANTIA DEAD - DELIST.09/12/22,IT,EUR,"[2013, 2014, 2015, 2016, 2017, 2018, 2019, 2020, 2021]"
GB0003062816,TOWN CENTRE SECURITIES,GB,EUR,"[2020, 2021, 2022, 2023, 2024, 2025]"
GB0009296665,VIDENDUM,GB,EUR,"[2020, 2021, 2022, 2023]"
IL0010824113,CHECK POINT SFTW.TECHS.,IL,EUR,"[2022, 2023]"
CH0048265513,TRANSOCEAN,CH,EUR,"[2016, 2017, 2018, 2019, 2020, 2021, 2023]"
SE0000379190,CASTELLUM,SE,EUR,"[2013, 2014, 2015, 2016, 2017, 2018, 2019, 2020, 2021, 2022, 2023, 2024]"
IE00BJ3V9050,ENDO INTERNATIONAL DEAD - DELIST.02/05/24,IE,EUR,"[2019, 2020, 2021, 2022]"
FI0009800643,YIT,FI,EUR,"[2013, 2015, 2016, 2017, 2018, 2019, 2020, 2021, 2022, 2023, 2024]"
DE0008430026,MUNCH. RVRS.GESELL. MUNCH.N,DE,EUR,"[2013, 2014, 2015, 2016, 2017, 2018, 2019, 2020, 2021, 2022, 2023, 2024]"
FR0000073272,SAFRAN,FR,EUR,"[2013, 2014, 2015, 2016, 2017, 2018, 2019, 2020, 2021, 2022, 2023, 2024]"
SE0007100599,SVENSKA HANDELSBANKEN A,SE,EUR,"[2013, 2014, 2015, 2016, 2017, 2018, 2019, 2020, 2021, 2022, 2023, 2024]"
GB0001859296,VISTRY GROUP,GB,EUR,"[2014, 2015, 2016, 2017, 2018, 2019, 2020, 2021, 2022, 2023, 2024]"
AT000000STR1,STRABAG SE,AT,EUR,"[2013, 2014, 2015, 2016, 2017, 2018, 2019, 2020, 2021, 2022, 2023, 2024]"
GB0031743007,BURBERRY GROUP,GB,EUR,"[2013, 2014, 2015, 2016, 2017, 2018, 2019, 2020, 2021, 2022, 2023, 2024, 2025]"
DE0007664039,VOLKSWAGEN PREF.,DE,EUR,"[2013, 2014, 2015, 2016, 2017, 2018, 2019, 2020, 2021, 2022, 2023, 2024]"
DE000KSAG888,K S N,DE,EUR,"[2016, 2017, 2018, 2019, 2020, 2021, 2022, 2023, 2024]"
IT0000072618,INTESA SANPAOLO,IT,EUR,"[2013, 2014, 2015, 2016, 2017, 2018, 2019, 2020, 2021, 2022, 2023, 2024]"
IT0005218380,BANCO BPM,IT,EUR,"[2015, 2016, 2017, 2018, 2019, 2020, 2021, 2022, 2023, 2024]"
ES0167050915,ACS ACTIV.CONSTR.Y SERV.,ES,EUR,"[2013, 2014, 2016, 2017, 2018, 2019, 2020, 2021, 2022, 2023, 2024]"
GB00BYZN9041,FUTURE,GB,EUR,"[2018, 2019, 2020, 2021, 2022, 2023, 2024]"
DE0008402215,HANNOVER RUECK,DE,EUR,"[2013, 2014, 2015, 2016, 2017, 2018, 2021, 2022, 2023]"
SE0000106270,HENNES & MAURITZ B,SE,EUR,"[2013, 2014, 2015, 2016, 2017, 2018, 2019, 2020, 2021, 2022, 2023, 2024]"
IE00BK9ZQ967,TRANE TECHNOLOGIES,IE,EUR,"[2013, 2014, 2015, 2016, 2017, 2018, 2019, 2020, 2021, 2022, 2023, 2024]"
FI0009000459,HUHTAMAKI,FI,EUR,"[2013, 2014, 2015, 2016, 2017, 2018, 2019, 2020, 2021, 2022, 2023, 2024]"
GB0004161021,HAYS,GB,EUR,"[2013, 2014, 2015, 2016, 2017, 2018, 2019, 2020, 2021, 2022, 2023, 2024, 2025]"
GB00B18P5K83,TOPPS TILES,GB,EUR,"[2013, 2014, 2015, 2016, 2017, 2018, 2019, 2020, 2021, 2022, 2023, 2024, 2025]"
GB00BHJYC057,ICTL.HTLS.GP.,GB,EUR,"[2013, 2014, 2015, 2016, 2017, 2018, 2019, 2020, 2021, 2022, 2023, 2024]"
DE0007042301,RHOEN-KLINIKUM,DE,EUR,"[2014, 2015, 2016, 2017, 2018, 2019, 2020, 2021, 2022, 2023, 2024]"
SE0005190238,TELE2 B,SE,EUR,"[2013, 2014, 2015, 2016, 2017, 2018, 2019, 2020, 2021, 2022, 2023, 2024]"
GB00B1P6ZR11,BROWN GROUP DEAD - DELIST.13/02/25,GB,EUR,"[2013, 2014, 2015, 2016, 2017, 2018, 2019, 2020, 2021, 2022, 2023, 2024]"
GB00BVFNZH21,ROTORK,GB,EUR,"[2013, 2014, 2015, 2016, 2017, 2018, 2019, 2020, 2021, 2022, 2023, 2024]"
GB00BYT1DJ19,ICG,GB,EUR,"[2013, 2014, 2015, 2016, 2017, 2018, 2019, 2020, 2021, 2022, 2023, 2024, 2025]"
GB00B3DGH821,DE LA RUE ORD DEAD - DELIST.03/07/25,GB,EUR,"[2013, 2014, 2015, 2016, 2017, 2018, 2019, 2020, 2021, 2022, 2023, 2024]"
IE00BY7QL619,JOHNSON CONTROLS INTL.,IE,EUR,"[2013, 2014, 2015, 2016, 2017, 2018, 2019, 2020, 2021, 2022, 2023, 2024]"
GB0009895292,ASTRAZENECA,GB,EUR,"[2013, 2014, 2015, 2016, 2017, 2018, 2019, 2020, 2021, 2022, 2023, 2024]"
DK0060636678,TRYG,DK,EUR,"[2018, 2019, 2020, 2021, 2022, 2023, 2024]"
NL0013332471,TOM TOM,NL,EUR,"[2020, 2021, 2022, 2023, 2024]"
GB0001765816,BREWIN DOLPHIN DEAD - DELIST.28/09/22,GB,EUR,"[2014, 2015, 2016, 2017, 2018, 2019, 2020, 2021]"
SE0016589188,ELECTROLUX B,SE,EUR,"[2013, 2014, 2015, 2016, 2017, 2018, 2019, 2020, 2021, 2022, 2023]"
DE0006569908,MLP,DE,EUR,"[2017, 2018, 2019, 2020, 2021, 2022, 2023, 2024]"
SE0000108227,SKF B,SE,EUR,"[2013, 2014, 2015, 2016, 2017, 2018, 2019, 2020, 2021, 2022, 2023, 2024]"
CH0198251305,COCA-COLA HBC,CH,EUR,"[2013, 2017, 2018, 2019, 2020, 2021, 2022, 2023, 2024]"
CH0012142631,CLARIANT,CH,EUR,"[2013, 2014, 2015, 2016, 2017, 2018, 2019, 2020, 2021, 2022, 2023, 2024]"
ES0182870214,SACYR,ES,EUR,"[2013, 2014, 2015, 2016, 2017, 2018, 2019, 2020, 2021, 2022, 2023, 2024]"
CH0010570759,CHOCOLADEFABRIKEN LINDT & SPRUENGLI,CH,EUR,"[2020, 2021, 2022, 2023, 2024]"
GB00BKP36R26,HYVE GROUP DEAD - DELIST.23/05/23,GB,EUR,"[2013, 2014, 2015, 2016, 2017, 2018, 2019, 2020, 2021]"
GB0002074580,GENUS,GB,EUR,"[2013, 2014, 2015, 2016, 2017, 2018, 2019, 2020, 2021, 2022, 2023, 2024]"
GB0009067447,MOTHERCARE,GB,EUR,"[2019, 2020]"
IT0004827447,UNIPOLSAI DEAD - DELIST.03/07/24,IT,EUR,"[2014, 2015, 2016, 2017, 2018, 2019, 2020, 2021, 2022, 2023]"
NL0006237562,ARCADIS,NL,EUR,"[2018, 2019, 2020, 2021, 2022, 2023, 2024]"
DE000A0WMPJ6,AIXTRON,DE,EUR,"[2018, 2019, 2020, 2021, 2022, 2023, 2024]"
FR0000120503,BOUYGUES,FR,EUR,"[2013, 2014, 2015, 2016, 2017, 2018, 2019, 2020, 2021, 2022, 2023, 2024]"
IL0002730112,NICE,IL,EUR,"[2020, 2021, 2022, 2023, 2024]"
NL0000379121,RANDSTAD,NL,EUR,"[2013, 2014, 2015, 2016, 2017, 2018, 2019, 2020, 2021, 2022, 2023, 2024]"
FR0000045072,CREDIT AGRICOLE,FR,EUR,"[2013, 2014, 2015, 2016, 2017, 2018, 2019, 2020, 2021, 2022, 2023, 2024]"
IE0004927939,KINGSPAN GROUP,IE,EUR,"[2013, 2014, 2015, 2016, 2019, 2020, 2021, 2022, 2023, 2024]"
CH0126881561,SWISS RE,CH,EUR,"[2013, 2014, 2015, 2016, 2017, 2018, 2019, 2020, 2021, 2022, 2023, 2024]"
DE0007500001,THYSSENKRUPP,DE,EUR,"[2013, 2014, 2015, 2016, 2017, 2018, 2019, 2020, 2021, 2022, 2023, 2024]"
PTZON0AM0006,NOS SGPS,PT,EUR,"[2015, 2016, 2017, 2018, 2019, 2020, 2021, 2022, 2023, 2024]"
GB00B71N6K86,EVRAZ SUSP - SUSP.06/12/23,GB,EUR,"[2013, 2015, 2016, 2017, 2018, 2019, 2020, 2021]"
FR0013326246,UNIBAIL RODAMCO WE STAPLED UNITS,FR,EUR,"[2013, 2014, 2015, 2016, 2017, 2018, 2019, 2020, 2021, 2023, 2024]"
ES0109427734,ATRESMEDIA CORPN.DE MEDIOS DE CMNI.,ES,EUR,"[2013, 2014, 2015, 2016, 2017, 2018, 2019, 2020, 2021, 2022, 2023, 2024]"
IE0004906560,KERRY GROUP 'A',IE,EUR,"[2017, 2019, 2020, 2021, 2022, 2023, 2024]"
PTSON0AM0001,SONAE SGPS,PT,EUR,"[2013, 2014, 2015, 2016, 2017, 2018, 2019, 2020, 2021, 2022, 2023, 2024]"
GB00B0KM9T71,STHREE,GB,EUR,"[2013, 2014, 2015, 2016, 2017, 2018, 2019, 2020, 2021, 2022, 2023, 2024]"
DK0010307958,JYSKE BANK,DK,EUR,"[2019, 2020, 2021, 2022, 2023, 2024]"
DE0005810055,DEUTSCHE BOERSE,DE,EUR,"[2017, 2018, 2019, 2020, 2021, 2022, 2023]"
SE0000113250,SKANSKA B,SE,EUR,"[2013, 2014, 2015, 2016, 2017, 2018, 2019, 2020, 2021, 2022, 2023, 2024]"
FR0000127771,VIVENDI,FR,EUR,"[2013, 2014, 2015, 2016, 2017, 2018, 2019, 2020, 2021, 2022, 2023, 2024]"
GB0001795680,CASTINGS,GB,EUR,"[2020, 2021, 2022, 2023, 2024]"
SE0000111940,RATOS B,SE,EUR,"[2023, 2024]"
CH0008742519,SWISSCOM 'R',CH,EUR,"[2013, 2015, 2016, 2017, 2018, 2019, 2020, 2021, 2022, 2023, 2024]"
ES0113860A34,BANCO DE SABADELL,ES,EUR,"[2013, 2014, 2015, 2016, 2017, 2018, 2019, 2020, 2021, 2022, 2023, 2024]"
GB0008782301,TAYLOR WIMPEY,GB,EUR,"[2013, 2014, 2015, 2016, 2017, 2018, 2019, 2020, 2021, 2022, 2023, 2024]"
IL0006046119,LEUMI LTD.,IL,EUR,"[2013, 2014, 2015, 2016, 2017, 2018, 2019, 2020, 2021, 2022, 2023, 2024]"
GB0032089863,NEXT,GB,EUR,"[2013, 2014, 2015, 2016, 2017, 2018, 2019, 2020, 2021, 2022, 2023, 2024, 2025]"
ES0113211835,BBV.ARGENTARIA,ES,EUR,"[2013, 2014, 2015, 2016, 2017, 2018, 2019, 2020, 2021, 2022, 2023, 2024]"
DK0010272632,GN STORE NORD,DK,EUR,"[2019, 2020, 2021, 2022, 2023, 2024]"
GB00B1FH8J72,SEVERN TRENT,GB,EUR,"[2013, 2014, 2015, 2016, 2017, 2018, 2019, 2020, 2021, 2022, 2023, 2024, 2025]"
CH0012255151,THE SWATCH GROUP,CH,EUR,"[2021, 2022, 2023, 2024]"
ES0184933812,ZARDOYA OTIS DEAD - DELIST.09/05/22,ES,EUR,"[2019, 2020, 2021]"
FR0000120693,PERNOD-RICARD,FR,EUR,"[2013, 2014, 2015, 2016, 2017, 2018, 2019, 2020, 2021, 2022, 2023, 2024]"
GB0006825383,PERSIMMON,GB,EUR,"[2014, 2015, 2016, 2017, 2018, 2019, 2020, 2021, 2022, 2023, 2024]"
FI0009007884,ELISA,FI,EUR,"[2013, 2014, 2015, 2016, 2017, 2018, 2019, 2020, 2021, 2022, 2023, 2024]"
CH0018294154,PSP SWISS PROPERTY AG,CH,EUR,"[2016, 2017, 2018, 2019, 2020, 2021, 2022, 2023, 2024]"
GB0002349065,REA HOLDINGS,GB,EUR,"[2022, 2023, 2024]"
SE0000163628,ELEKTA B,SE,EUR,"[2013, 2018, 2019, 2020, 2021, 2022, 2023, 2024]"
DE0005557508,DEUTSCHE TELEKOM,DE,EUR,"[2013, 2014, 2015, 2016, 2017, 2018, 2019, 2020, 2021, 2022, 2023, 2024]"
GB0001500809,TULLOW OIL,GB,EUR,"[2013, 2014, 2015, 2016, 2017, 2018, 2019, 2020, 2021, 2022, 2023, 2024]"
DE000BASF111,BASF,DE,EUR,"[2013, 2014, 2015, 2016, 2017, 2018, 2019, 2020, 2021, 2022, 2023, 2024]"
GB00BGLP8L22,IMI,GB,EUR,"[2013, 2014, 2015, 2016, 2017, 2018, 2019, 2020, 2021, 2022, 2023, 2024]"
GB00B1WY2338,SMITHS GROUP,GB,EUR,"[2016, 2017, 2018, 2019, 2020, 2021, 2022, 2023, 2024, 2025]"
FR0000124141,VEOLIA ENVIRON,FR,EUR,"[2013, 2014, 2015, 2016, 2017, 2018, 2019, 2020, 2021, 2022, 2023, 2024]"
GB00BPQY8M80,AVIVA,GB,EUR,"[2013, 2014, 2015, 2016, 2017, 2018, 2019, 2020, 2021, 2022, 2023, 2024]"
DE0005190003,BMW,DE,EUR,"[2013, 2014, 2015, 2016, 2019, 2020, 2021, 2022, 2023, 2024]"
SE0000163594,SECURITAS B,SE,EUR,"[2013, 2014, 2015, 2016, 2017, 2018, 2019, 2020, 2021, 2022, 2023, 2024]"
GB00BNR4T868,RENEWI DEAD - DELIST.09/06/25,GB,EUR,"[2013, 2020, 2021, 2022, 2023, 2024]"
GB0000536739,ASHTEAD GROUP,GB,EUR,"[2014, 2015, 2016, 2017, 2018, 2019, 2020, 2021, 2022, 2023, 2024, 2025]"
NO0010112675,REC SILICON,NO,EUR,"[2013, 2014]"
FR0000054900,TF1 (TV.FSE.1),FR,EUR,"[2013, 2014, 2015, 2016, 2017, 2018, 2019, 2020, 2021, 2022, 2023, 2024]"
BE0974293251,ANHEUSER-BUSCH INBEV,BE,EUR,"[2013, 2014, 2015, 2016, 2017, 2018, 2019, 2020, 2021, 2022, 2023, 2024]"
FI0009002158,UPONOR DEAD - DELIST.30/04/24,FI,EUR,"[2013, 2014, 2015, 2016, 2017, 2018, 2019, 2020, 2021, 2022, 2023]"
GB00BGDT3G23,RIGHTMOVE,GB,EUR,"[2013, 2014, 2015, 2016, 2017, 2018, 2019, 2020, 2021, 2022, 2023, 2024]"
IE00B010DT83,C&C GROUP,IE,EUR,"[2013, 2018, 2019, 2020, 2021, 2022, 2023, 2024, 2025]"
GB00B06QFB75,IG GROUP HOLDINGS,GB,EUR,"[2014, 2015, 2016, 2017, 2018, 2019, 2020, 2021, 2022, 2023, 2024]"
GB00B1JQDM80,MARSTON'S,GB,EUR,"[2023, 2024]"
SE0000148884,SKANDINAVISKA ENSKILDA BANKEN A,SE,EUR,"[2013, 2014, 2015, 2016, 2017, 2018, 2019, 2020, 2021, 2022, 2023, 2024]"
SE0000695876,ALFA LAVAL,SE,EUR,"[2013, 2014, 2015, 2016, 2017, 2018, 2019, 2020, 2021, 2022, 2023, 2024]"
SE0003366871,SAS DEAD - DELIST.14/08/24,SE,EUR,"[2016, 2017, 2018, 2019, 2020, 2021]"
CH0025238863,KUEHNE UND NAGEL INTERNATIONAL,CH,EUR,"[2019, 2020, 2021, 2022, 2023]"
NO0010063308,TELENOR,NO,EUR,"[2013, 2014, 2015, 2016, 2017, 2018, 2019, 2020, 2021, 2022, 2023, 2024]"
GB00BP92CJ43,TATE & LYLE,GB,EUR,"[2013, 2014, 2015, 2016, 2017, 2018, 2019, 2020, 2021, 2022, 2023, 2024, 2025]"
GB00BDR05C01,NATIONAL GRID,GB,EUR,"[2013, 2014, 2015, 2016, 2017, 2018, 2019, 2020, 2021, 2022, 2023, 2024, 2025]"
GB00B04V1276,GRAINGER,GB,EUR,"[2013, 2014, 2015, 2016, 2017, 2018, 2019, 2020, 2021, 2022, 2023, 2024]"
GB0002148343,RATHBONES GROUP,GB,EUR,"[2013, 2014, 2015, 2016, 2017, 2018, 2019, 2020, 2021, 2022, 2023, 2024]"
GB0003395000,FISHER(JAMES)& SONS,GB,EUR,"[2015, 2016, 2017, 2018, 2019, 2020, 2021, 2022, 2023]"
NL0011821202,ING GROEP,NL,EUR,"[2013, 2014, 2015, 2016, 2017, 2018, 2019, 2020, 2021, 2022, 2023]"
DE0005439004,CONTINENTAL,DE,EUR,"[2013, 2014, 2015, 2016, 2017, 2018, 2019, 2020, 2021, 2022, 2023]"
IT0001347308,BUZZI,IT,EUR,"[2017, 2018, 2019, 2020, 2021, 2022, 2023]"
GB0030913577,BT GROUP,GB,EUR,"[2013, 2014, 2015, 2016, 2017, 2018, 2019, 2020, 2021, 2022, 2023, 2024, 2025]"
BE0974258874,BEKAERT (D),BE,EUR,"[2019, 2020, 2021, 2022, 2023, 2024]"
FR0000121204,WENDEL,FR,EUR,"[2015, 2016, 2020, 2021, 2022, 2023]"
GB0000456144,ANTOFAGASTA,GB,EUR,"[2013, 2014, 2015, 2016, 2017, 2018, 2019, 2020, 2021, 2022, 2023, 2024]"
ES0178430E18,TELEFONICA,ES,EUR,"[2013, 2014, 2015, 2016, 2017, 2018, 2019, 2020, 2021, 2022, 2023, 2024]"
GB0006886666,EUROMONEY INSTL.INVESTOR DEAD - DELIST.25/11/22,GB,EUR,"[2013, 2014, 2015, 2016, 2017, 2018, 2019, 2020, 2021]"
CH0044328745,CHUBB,CH,EUR,"[2013, 2014, 2015, 2016, 2017, 2018, 2019, 2020, 2021, 2022, 2023, 2024]"
GB00BRKD9Z53,MJ GLEESON,GB,EUR,"[2020, 2021, 2022, 2023, 2024, 2025]"
FR0000121329,THALES,FR,EUR,"[2013, 2014, 2015, 2016, 2017, 2018, 2019, 2020, 2021, 2022, 2023, 2024]"
IT0001469383,ARNOLDO MONDADORI EDI.,IT,EUR,"[2013, 2014, 2015, 2016, 2017, 2018, 2019, 2020, 2021, 2022, 2023]"
DK0060738599,DEMANT,DK,EUR,"[2014, 2015, 2016, 2017, 2018, 2019, 2020, 2021, 2022, 2023, 2024]"
IT0000062957,MEDIOBANCA BC.FIN,IT,EUR,"[2014, 2015, 2017, 2018, 2019, 2020, 2021, 2022, 2023, 2024]"
ES0118594417,INDRA SISTEMAS,ES,EUR,"[2013, 2014, 2015, 2016, 2017, 2018, 2019, 2020, 2021, 2022, 2023, 2024]"
IE00BLP1HW54,AON CLASS A,IE,EUR,"[2013, 2014, 2019, 2020, 2021, 2022, 2023, 2024]"
FR0000121485,KERING,FR,EUR,"[2013, 2014, 2015, 2016, 2017, 2018, 2019, 2020, 2021, 2022, 2023, 2024]"
FR0000125007,SAINT GOBAIN,FR,EUR,"[2013, 2014, 2015, 2016, 2017, 2018, 2019, 2020, 2021, 2022, 2023, 2024]"
GB00BK9RKT01,TRAVIS PERKINS,GB,EUR,"[2013, 2014, 2015, 2016, 2017, 2018, 2019, 2020, 2021, 2022, 2023, 2024]"
GB00BYRJ5J14,PRIMARY HEALTH PROPS.,GB,EUR,"[2019, 2020, 2021, 2022, 2023, 2024]"
SE0000171100,SSAB A,SE,EUR,"[2013, 2014, 2015, 2016, 2017, 2018, 2019, 2020, 2021, 2022, 2023, 2024]"
SE0017486889,ATLAS COPCO A,SE,EUR,"[2013, 2014, 2015, 2016, 2017, 2018, 2019, 2020, 2021, 2022, 2023, 2024]"
SE0000114837,TRELLEBORG B,SE,EUR,"[2013, 2014, 2015, 2016, 2017, 2018, 2019, 2021, 2022, 2023, 2024]"
IE00B4BNMY34,ACCENTURE CLASS A,IE,EUR,"[2013, 2014, 2015, 2016, 2017, 2018, 2019, 2020, 2021, 2022, 2023, 2024]"
GB0006640972,4IMPRINT GROUP,GB,EUR,"[2018, 2019, 2020, 2021, 2022, 2023, 2024]"
FI0009013296,NESTE,FI,EUR,"[2013, 2014, 2015, 2016, 2017, 2018, 2019, 2020, 2021, 2022, 2023, 2024]"
DE000A0D6554,NORDEX,DE,EUR,"[2018, 2019, 2020, 2021, 2022, 2023, 2024]"
GB0002634946,BAE SYSTEMS,GB,EUR,"[2013, 2014, 2015, 2016, 2017, 2018, 2019, 2020, 2021, 2022, 2023, 2024]"
AU000000JHX1,JAMES HARDIE INDUSTRIES CDI,IE,EUR,"[2020, 2021, 2022, 2023, 2024, 2025]"
GB0004726096,SPIRENT COMMUNICATIONS DEAD - DELIST.17/10/25,GB,EUR,"[2013, 2014, 2015, 2016, 2017, 2018, 2019, 2020, 2021, 2022, 2023, 2024]"
GB0009697037,BABCOCK INTERNATIONAL,GB,EUR,"[2013, 2014, 2015, 2016, 2017, 2018, 2019, 2020, 2021, 2022, 2023, 2024, 2025]"
IE00B00MZ448,GRAFTON GROUP,IE,EUR,"[2016, 2017, 2018, 2019, 2020, 2021, 2022, 2023, 2024]"
FR0000120271,TOTALENERGIES,FR,EUR,"[2013, 2014, 2015, 2016, 2017, 2018, 2019, 2020, 2021, 2022, 2023, 2024]"
NO0003078800,TGS,NO,EUR,"[2018, 2019, 2020, 2021, 2022, 2023, 2024]"
GB00B1XH2C03,FERREXPO,CH,EUR,"[2015, 2016, 2017, 2018, 2019, 2020, 2021, 2022, 2023]"
ES0173093024,REDEIA CORPORACION,ES,EUR,"[2013, 2014, 2015, 2016, 2017, 2018, 2019, 2020, 2021, 2022, 2023, 2024]"
PTBCP0AM0015,BANCO COMR.PORTUGUES 'R',PT,EUR,"[2013, 2014, 2015, 2016, 2017, 2018, 2019, 2020, 2021, 2022, 2023, 2024]"
GB0006963689,PORVAIR,GB,EUR,"[2020, 2021, 2022, 2023, 2024]"
GB0008220112,SMITH (DS) DEAD - DELIST.04/02/25,GB,EUR,"[2013, 2014, 2015, 2016, 2017, 2018, 2019, 2020, 2021, 2022, 2023, 2024]"
NL00150003E1,FUGRO C,NL,EUR,"[2019, 2020, 2021, 2022, 2023, 2024]"
DE0006969603,PUMA,DE,EUR,"[2013, 2014, 2015, 2016, 2017, 2018, 2019, 2020, 2021, 2022, 2023, 2024]"
GB00BKY40Q38,GALLIFORD TRY,GB,EUR,"[2013, 2014, 2015, 2016, 2017, 2018, 2019, 2020, 2021, 2022, 2023, 2024]"
LU0075646355,SUBSEA 7,GB,EUR,"[2018, 2019, 2020, 2021, 2022, 2023, 2024]"
