ISIN,NAME,Country,Region,2015-01-30 00:00:00,2015-02-27 00:00:00,2015-03-31 00:00:00,2015-04-30 00:00:00,2015-05-29 00:00:00,2015-06-30 00:00:00,2015-07-31 00:00:00,2015-08-31 00:00:00,2015-09-30 00:00:00,2015-10-30 00:00:00,2015-11-30 00:00:00,2015-12-31 00:00:00,2016-01-29 00:00:00,2016-02-29 00:00:00,2016-03-31 00:00:00,2016-04-29 00:00:00,2016-05-31 00:00:00,2016-06-30 00:00:00,2016-07-29 00:00:00,2016-08-31 00:00:00,2016-09-30 00:00:00,2016-10-31 00:00:00,2016-11-30 00:00:00,2016-12-30 00:00:00,2017-01-31 00:00:00,2017-02-28 00:00:00,2017-03-31 00:00:00,2017-04-28 00:00:00,2017-05-31 00:00:00,2017-06-30 00:00:00,2017-07-31 00:00:00,2017-08-31 00:00:00,2017-09-29 00:00:00,2017-10-31 00:00:00,2017-11-30 00:00:00,2017-12-29 00:00:00,2018-01-31 00:00:00,2018-02-28 00:00:00,2018-03-30 00:00:00,2018-04-30 00:00:00,2018-05-31 00:00:00,2018-06-29 00:00:00,2018-07-31 00:00:00,2018-08-31 00:00:00,2018-09-28 00:00:00,2018-10-31 00:00:00,2018-11-30 00:00:00,2018-12-31 00:00:00,2019-01-31 00:00:00,2019-02-28 00:00:00,2019-03-29 00:00:00,2019-04-30 00:00:00,2019-05-31 00:00:00,2019-06-28 00:00:00,2019-07-31 00:00:00,2019-08-30 00:00:00,2019-09-30 00:00:00,2019-10-31 00:00:00,2019-11-29 00:00:00,2019-12-31 00:00:00,2020-01-31 00:00:00,2020-02-28 00:00:00,2020-03-31 00:00:00,2020-04-30 00:00:00,2020-05-29 00:00:00,2020-06-30 00:00:00,2020-07-31 00:00:00,2020-08-31 00:00:00,2020-09-30 00:00:00,2020-10-30 00:00:00,2020-11-30 00:00:00,2020-12-31 00:00:00,2021-01-29 00:00:00,2021-02-26 00:00:00,2021-03-31 00:00:00,2021-04-30 00:00:00,2021-05-31 00:00:00,2021-06-30 00:00:00,2021-07-30 00:00:00,2021-08-31 00:00:00,2021-09-30 00:00:00,2021-10-29 00:00:00,2021-11-30 00:00:00,2021-12-31 00:00:00,2022-01-31 00:00:00,2022-02-28 00:00:00,2022-03-31 00:00:00,2022-04-29 00:00:00,2022-05-31 00:00:00,2022-06-30 00:00:00,2022-07-29 00:00:00,2022-08-31 00:00:00,2022-09-30 00:00:00,2022-10-31 00:00:00,2022-11-30 00:00:00,2022-12-30 00:00:00,2023-01-31 00:00:00,2023-02-28 00:00:00,2023-03-31 00:00:00,2023-04-28 00:00:00,2023-05-31 00:00:00,2023-06-30 00:00:00,2023-07-31 00:00:00,2023-08-31 00:00:00,2023-09-29 00:00:00,2023-10-31 00:00:00,2023-11-30 00:00:00,2023-12-29 00:00:00,2024-01-31 00:00:00,2024-02-29 00:00:00,2024-03-29 00:00:00,2024-04-30 00:00:00,2024-05-31 00:00:00,2024-06-28 00:00:00,2024-07-31 00:00:00,2024-08-30 00:00:00,2024-09-30 00:00:00,2024-10-31 00:00:00,2024-11-29 00:00:00,2024-12-31 00:00:00
AU000000JHX1,JAMES HARDIE INDUSTRIES CDI,IE,EUR,8038.45,9419.16,9290.21,9206.46,10824.86,10683.68,11216.23,10038.81,9664.81,10567.83,9616.55,10339.9,9224.87,10459.91,11262.35,11618.29,12574.92,12565.67,13700.04,13507.34,12912.66,12430.26,12830.14,13295.92,13148.44,12582.95,13200.06,14288.43,12311.43,13309.78,12974.88,11931.41,11851.36,13029.56,13973.71,15174.34,15178.0,15328.39,15129.69,15396.97,14520.96,14532.9,13889.52,13332.32,13231.81,11646.74,10245.88,9360.46,9859.96,11096.77,11420.74,12056.14,11315.51,11707.35,12256.23,13606.28,15038.37,15398.3,17622.46,17652.56,19211.73,16431.55,10238.74,13266.89,15577.09,17142.09,18804.49,20644.36,21515.44,22004.01,26347.76,26740.42,25600.39,25643.5,27537.87,30081.97,30215.47,30868.48,30538.34,35225.52,33005.7,35269.07,35909.7,36608.52,30216.39,29553.4,27840.73,26986.22,23724.58,20087.31,22658.17,21264.71,18420.81,20266.94,18299.67,16823.14,20907.53,19806.96,20258.55,21100.25,23457.87,25389.43,28191.11,29074.93,25465.16,24010.36,31419.19,37571.33,37589.09,38715.91,39411.93,34587.51,30647.44,31181.92,35324.94,37063.7,39593.67,31878.37,36552.14,31012.86
CH0012549785,SONOVA N,CH,EUR,2884.71,3054.0,3053.06,3036.36,3292.12,3010.8,3186.99,2898.02,2856.9,3048.68,2810.88,2830.96,2663.59,2684.25,2854.72,2977.45,2971.3,3000.22,3113.35,3138.41,3213.72,3040.36,2733.49,2750.94,2994.62,2984.18,3144.21,3348.16,3756.14,3735.79,3736.4,3875.81,3901.87,4151.71,3666.68,3588.85,3710.09,3608.1,3642.49,3811.24,4020.12,4176.89,4306.23,4434.4,4662.73,3814.92,3765.05,3799.33,4376.96,4369.6,4613.16,4703.16,5172.73,5371.8,5474.16,5481.96,5494.04,5408.43,5394.61,5401.33,5920.26,5606.22,4256.44,4264.5,5174.13,4713.79,5336.65,5535.82,6004.35,5603.66,5871.39,6144.33,5717.9,6072.38,6282.69,6993.34,8397.06,8976.44,9362.9,9188.06,9078.78,9871.04,8927.32,9363.03,8374.06,9277.8,10042.47,8725.17,8432.42,7689.55,8670.45,6419.06,5412.54,5727.62,6150.71,5739.96,6006.93,5973.41,7119.9,7666.99,6182.72,6572.31,6905.65,6531.36,5874.36,5818.17,7162.26,8047.68,7990.99,7633.42,7155.75,6873.98,7792.78,7742.15,7667.35,8737.4,9026.0,9135.69,8556.97,8194.06
CH0210483332,RICHEMONT N,CH,EUR,5339.87,5686.87,5174.01,5730.24,5524.46,5222.66,5569.13,4801.45,5076.84,5637.34,4908.61,4719.99,4237.04,4197.6,4348.92,4361.93,3859.26,3817.41,3997.18,3778.25,4120.53,4342.89,4401.36,4477.89,5245.48,4985.83,5339.0,5636.14,5634.76,5566.09,5744.71,6020.65,6300.7,6357.86,5941.52,6241.83,6618.56,6068.65,6169.1,6579.78,6329.96,5835.36,6053.54,6103.83,5777.53,5168.54,4582.4,4508.34,4865.08,5413.13,5138.35,5157.6,5171.75,5993.61,6085.33,5475.54,5319.75,5697.47,5521.26,5690.37,5306.31,4895.03,3973.06,4114.98,4214.05,4621.1,4499.37,4807.97,4939.42,4614.01,6131.9,6662.98,6852.34,7115.07,7091.01,7551.25,8967.17,8907.42,9413.34,8109.12,7841.37,9293.49,11091.13,11285.67,10721.75,10238.21,9627.82,8934.55,8330.66,7972.44,8983.74,8451.45,7425.47,7586.86,10093.29,10046.51,11846.8,11724.2,12380.8,12799.09,12258.07,13140.65,12547.26,11023.83,9778.62,9381.98,10030.27,10984.12,12010.8,12753.05,12192.93,11138.22,12753.32,12465.42,12158.38,12599.83,12963.63,11847.93,11382.82,12436.39
DE0007297004,SUEDZUCKER,DE,EUR,1545.03,1866.67,1515.55,1813.54,1928.0,2044.09,2071.5,1807.64,2259.2,2337.55,2345.85,2471.81,1868.97,1880.5,2205.57,2208.18,2439.46,2735.97,3119.65,3310.8,3518.03,3230.08,2860.28,3029.03,3328.67,3239.74,3182.8,2719.26,2715.87,2639.04,2762.02,2751.01,2804.7,2563.24,2705.36,2826.54,2481.52,2336.36,2201.42,2159.59,2331.24,2065.78,1978.14,1842.08,1803.82,2084.28,1915.03,1734.7,2179.32,1960.23,1718.99,2038.98,2067.89,2272.13,2134.58,2249.24,2093.12,1955.05,2047.8,2508.23,2257.44,2063.99,1918.34,1801.61,2049.3,2179.31,2295.21,2827.83,2675.63,1981.27,2203.0,1995.13,2011.13,2201.98,2339.61,2278.43,2314.08,2215.12,2117.09,2378.83,2254.29,2229.87,2011.15,2106.75,1930.68,1912.37,1841.41,1846.44,1868.89,2253.12,1995.05,1977.58,1750.03,1846.77,2050.29,2525.61,2330.2,2474.31,2406.42,2902.44,2470.6,2575.48,2642.11,2442.48,2252.0,2275.35,2302.77,2361.43,2132.48,2114.69,2154.36,2158.54,2278.17,2199.17,2131.9,2170.11,2070.79,1968.76,1870.9,1730.48
DE0007314007,HEIDELB.DRUCKMASCHINEN,DE,EUR,18.38,19.85,20.7,20.66,20.77,17.28,20.02,18.74,19.63,22.34,19.42,19.13,15.44,15.71,17.7,17.84,22.56,21.32,22.36,19.0,18.91,20.67,19.75,20.83,20.52,19.38,19.47,21.59,21.22,23.92,26.41,29.26,32.11,30.79,27.11,26.76,27.89,29.19,29.37,29.04,27.3,21.42,22.49,22.09,20.9,18.0,16.59,14.17,15.77,13.94,13.46,14.52,11.39,12.46,8.49,9.53,9.79,10.08,10.74,10.13,7.78,6.71,4.79,5.5,4.92,4.99,6.59,5.59,5.19,4.38,7.5,7.53,11.36,11.34,10.58,12.69,18.36,18.45,18.28,21.76,18.01,20.25,21.72,23.49,24.47,21.89,20.81,17.45,16.64,11.42,11.92,11.56,8.73,10.69,13.16,12.43,15.96,14.14,14.33,15.96,13.77,12.15,12.52,10.98,10.03,9.26,10.75,10.58,9.33,8.67,8.7,7.9,9.97,10.54,9.5,9.03,8.89,8.12,7.56,7.39
DE000TUAG505,TUI N,DE,EUR,2197.49,2297.74,2236.34,2360.36,2244.05,2054.1,2183.0,2259.95,2316.68,2364.51,2103.25,2313.45,2155.54,1967.42,2061.68,1916.84,2006.25,1506.73,1714.36,1840.22,1880.63,1683.13,1733.6,1857.89,1952.63,1960.51,1923.66,2015.62,2145.38,2012.1,2165.81,2321.58,2365.49,2509.37,2547.3,2865.36,3148.91,3065.45,3089.22,3237.93,3352.97,3157.5,3106.33,2666.87,2769.0,2388.83,2068.52,2025.91,2219.83,1654.61,1505.98,1720.88,1421.99,1521.07,1544.22,1540.98,1797.05,2025.92,2132.54,1972.56,1583.6,1266.55,721.85,687.92,887.54,760.2,629.44,713.35,608.99,637.2,1118.41,1036.53,1208.7,1567.67,1322.66,1541.96,1551.56,1309.79,1215.34,1128.43,1126.14,1018.88,811.58,933.06,1038.47,1005.96,984.33,881.29,742.36,491.84,493.22,468.65,368.67,467.24,539.25,491.1,640.96,596.85,446.02,369.99,367.49,405.19,465.17,348.49,319.72,293.11,353.48,448.79,399.42,408.88,475.69,412.11,397.93,406.06,373.86,379.0,437.36,475.43,455.1,499.33
ES0148396007,INDUSTRIA DE DISENO TEXTIL,ES,EUR,1241.72,1326.41,1351.19,1353.01,1402.46,1377.72,1460.82,1413.35,1416.93,1597.93,1535.08,1469.13,1393.81,1327.11,1437.77,1381.98,1454.56,1430.05,1489.03,1522.51,1595.99,1513.8,1484.72,1483.34,1431.03,1397.14,1532.38,1675.86,1788.78,1675.5,1730.96,1658.43,1647.55,1648.23,1563.23,1537.46,1585.49,1342.03,1378.69,1389.54,1406.56,1524.05,1464.18,1352.1,1352.86,1275.48,1385.08,1153.65,1261.66,1364.63,1328.38,1383.15,1226.47,1378.43,1377.21,1417.11,1416.89,1445.13,1444.08,1636.16,1559.83,1432.01,1203.16,1180.22,1291.41,1226.91,1234.18,1305.31,1293.45,1159.09,1564.46,1496.23,1397.18,1556.73,1550.91,1690.37,1836.79,1670.3,1607.23,1617.89,1748.3,1729.44,1500.15,1552.04,1433.97,1268.02,1052.8,1033.32,1168.78,1099.89,1177.13,1055.97,1015.93,1122.99,1267.88,1313.67,1539.54,1528.01,1662.88,1730.65,1678.26,1946.3,1930.8,1930.68,1879.62,1756.69,2107.49,2224.04,2202.47,2266.02,2573.64,2372.6,2448.87,2573.09,2513.81,2807.69,3071.31,2975.49,2888.03,2693.61
FR0000054470,UBISOFT ENTERTAINMENT CAT A,FR,EUR,875.74,798.75,801.59,798.97,781.95,772.4,847.88,811.55,876.96,1307.15,1214.14,1256.9,1189.72,1243.05,1364.45,1260.64,1600.97,1590.93,1781.62,1692.95,1638.05,1474.2,1511.07,1546.6,1426.2,1596.13,1857.99,2054.98,2416.2,2458.13,2732.82,2886.21,2982.8,3310.23,3332.79,3341.18,3725.86,3598.02,3655.74,4154.4,4690.33,4760.22,4793.83,4676.91,4707.09,3907.74,3533.8,3495.18,3857.92,3136.85,3865.72,4134.45,3546.54,3400.98,3611.01,3504.72,3137.61,2562.2,2635.56,2998.8,3299.98,3210.77,3197.79,3227.3,3361.56,3576.43,3630.97,3577.85,3920.15,3827.26,4140.1,4184.87,4342.79,3558.67,3308.04,3261.87,3180.31,3037.44,2754.31,2761.34,2608.47,2270.74,2212.55,2124.82,2467.59,2355.9,1928.33,1974.77,2265.45,1900.24,1836.16,2007.04,1203.6,1190.65,1187.29,1222.8,891.86,960.59,1152.88,1268.71,1227.04,1224.91,1463.6,1316.45,1412.77,1232.55,1236.8,1107.51,966.51,995.27,913.88,1028.35,1055.88,950.37,891.69,825.48,489.02,642.19,570.68,590.72
FR0000121220,SODEXO,FR,EUR,10562.07,10729.04,10356.14,10749.91,10935.78,10080.07,9957.97,9334.02,8773.08,9500.43,10494.79,10400.48,10361.56,11093.75,11767.5,11010.08,11470.18,11716.6,12767.54,12606.31,12983.55,12641.01,11932.36,12554.07,12056.14,12278.72,13158.3,14181.27,15240.05,14407.69,13134.44,13005.69,13918.03,14202.44,14603.24,15014.39,14367.81,14133.21,11544.55,11369.27,11107.5,11457.82,12697.57,11964.41,12159.3,11703.46,11867.06,11726.3,12328.67,12984.65,13013.26,13529.46,13552.08,13822.27,13625.48,13405.27,13258.19,12987.58,13773.05,14002.34,12756.98,11593.64,8229.92,9662.79,8194.5,8227.59,8385.98,8725.88,8707.01,7809.75,10095.99,10306.0,10859.63,11701.12,11695.78,12172.75,11782.98,11356.89,10374.94,10058.07,10687.17,11828.86,10141.17,10950.59,11492.39,10540.52,10260.82,9507.23,9295.02,8760.29,10096.36,9604.76,9445.89,11082.97,11798.67,12252.98,12682.74,11938.12,12554.21,13768.13,13822.53,14117.07,13203.79,13788.55,13246.74,13545.15,13774.75,14568.17,15041.3,14051.16,15123.04,15399.36,16390.78,15861.02,16690.48,16894.89,15584.93,16426.32,15739.85,16157.56
FR0000130395,REMY COINTREAU,FR,EUR,499.52,496.84,496.52,508.17,485.88,486.16,483.13,409.22,452.46,483.82,489.9,495.44,494.74,478.21,525.3,573.58,574.08,594.62,604.33,614.62,602.26,571.47,592.91,602.85,641.09,628.54,692.39,711.5,773.27,822.7,809.02,818.31,849.93,931.98,956.48,995.1,947.49,979.27,1021.84,989.14,1061.18,929.89,994.44,1021.84,948.23,864.85,842.86,823.05,847.47,948.71,971.45,968.77,997.38,1050.73,1084.8,1101.0,985.22,992.45,956.31,911.98,782.77,743.66,811.24,827.28,881.44,1009.99,1201.27,1232.82,1365.69,1262.53,1332.34,1392.99,1390.36,1433.63,1383.73,1495.57,1561.93,1543.38,1641.67,1471.9,1467.11,1527.03,1760.89,1839.17,1563.08,1465.93,1572.42,1510.8,1386.75,1317.02,1507.21,1430.01,1284.96,1176.47,1302.32,1290.93,1438.62,1354.32,1400.87,1328.99,1176.22,1230.46,1321.3,1190.72,964.63,892.27,939.1,1000.86,806.85,835.52,795.07,753.08,731.26,657.78,641.13,662.13,631.87,504.66,499.51,490.15
FR0010220475,ALSTOM,FR,EUR,17.36,17.51,16.3,16.59,16.51,14.98,15.62,16.38,16.28,17.31,16.41,16.16,14.13,11.58,13.52,13.5,13.27,12.25,13.0,13.95,13.98,14.17,14.32,14.58,14.98,14.38,15.83,16.77,18.52,18.44,19.02,18.92,22.62,21.55,22.02,22.13,23.45,22.51,23.98,24.26,25.18,24.47,24.13,23.76,24.03,23.53,23.59,21.67,21.69,23.39,23.3,23.61,24.48,24.97,26.83,26.42,25.59,26.69,26.94,29.26,32.8,30.17,25.83,25.26,25.98,28.71,34.48,34.43,30.78,27.67,35.6,37.97,36.28,33.41,33.27,36.42,37.43,33.62,27.6,28.81,25.53,23.88,23.76,23.8,21.53,17.25,15.87,14.94,18.24,15.13,16.0,14.01,11.12,13.97,17.35,16.51,20.02,20.0,18.47,17.02,18.6,20.2,20.98,18.94,16.37,9.22,8.49,9.2,8.73,9.14,10.44,10.88,14.17,12.21,14.22,14.83,15.09,15.8,16.31,16.19
GB0000163088,SPEEDY HIRE,GB,EUR,943.01,1013.68,916.07,981.48,1007.5,965.53,700.76,637.27,443.62,405.4,457.18,538.21,508.68,414.43,490.28,470.86,499.67,388.77,405.98,444.0,411.59,413.9,487.23,561.98,572.19,565.96,591.01,637.44,673.47,671.85,648.54,622.25,620.65,662.26,702.57,754.42,709.55,690.01,664.18,672.2,685.76,752.52,729.87,711.14,781.22,663.56,679.16,710.14,727.31,710.48,661.84,720.79,741.76,751.38,610.15,536.84,606.97,667.12,763.55,988.19,1016.5,942.89,589.79,757.6,646.74,677.5,635.75,669.31,648.75,663.88,889.82,942.86,896.62,866.83,890.17,1023.41,1031.44,963.57,942.84,940.85,847.19,863.97,818.19,858.36,767.1,705.47,712.01,651.33,592.09,526.24,571.1,491.31,425.36,458.87,512.65,502.65,519.61,470.89,437.38,424.8,402.6,482.47,497.75,490.14,430.97,405.67,441.4,475.43,407.08,381.42,363.73,392.47,400.51,487.21,570.76,593.3,576.85,505.55,474.14,427.35
GB0000536739,ASHTEAD GROUP,GB,EUR,32078.28,36101.82,31590.08,33969.01,33550.53,33930.07,30067.34,28914.61,28010.67,30708.55,32774.56,32794.26,25458.2,25706.84,24791.33,26539.51,28359.63,28395.31,31700.76,33575.79,33459.46,31620.96,39676.6,39565.48,41071.14,41888.63,42016.04,42892.41,41093.9,41955.83,43654.38,44185.36,49768.57,53121.22,53004.91,55563.77,61882.76,60215.68,56260.04,57887.46,64122.24,62038.06,63482.67,64217.8,66476.1,51731.45,46945.98,43611.15,53249.77,55922.78,50669.04,58067.11,49341.32,60214.82,58420.32,59006.76,59522.83,64822.08,64852.26,68227.89,69246.88,65294.46,46842.41,58703.24,63304.4,71887.71,68385.76,75543.99,78400.19,78412.33,91979.0,101785.58,110048.85,117717.92,129552.02,139742.2,158802.78,160803.89,162503.67,171008.35,166246.08,183316.39,174619.3,175753.26,153945.78,143098.64,139183.4,114759.68,114481.71,91350.7,122197.52,109509.38,101003.8,116005.13,131197.95,125727.41,145215.25,148070.14,136075.65,127696.48,134804.66,153631.6,164562.54,157204.77,137114.53,128195.61,135419.54,156378.76,149153.71,161772.0,160416.88,164702.25,163056.42,150335.54,162010.09,161823.52,177031.88,169739.23,182366.12,141838.21
GB0000600931,BRAEMAR,GB,EUR,827.9,842.27,756.31,801.14,928.4,881.37,902.77,851.52,800.06,891.08,811.1,823.26,826.06,733.03,802.81,825.57,823.91,714.87,710.0,634.82,584.1,501.61,522.45,461.63,419.01,428.63,434.06,549.66,522.09,496.22,530.61,527.84,576.59,558.48,563.87,500.89,514.71,466.23,494.13,496.62,528.69,494.35,491.16,467.95,497.67,423.23,427.31,379.67,396.99,347.56,316.51,369.43,371.09,374.72,374.74,379.33,377.14,411.07,380.09,453.45,432.36,306.35,196.95,204.35,243.5,237.47,281.44,290.3,334.71,252.61,323.38,336.54,412.23,492.99,438.29,481.61,532.85,664.85,651.96,625.32,553.78,556.33,433.46,599.42,581.73,526.0,490.4,542.33,559.81,494.9,517.72,628.76,532.65,567.59,650.45,598.2,651.65,612.26,630.51,595.39,596.5,499.36,505.37,497.71,479.41,476.62,599.68,590.97,620.59,592.28,583.7,611.63,635.36,655.3,704.28,719.3,703.74,559.19,591.3,541.0
GB0000811801,BARRATT REDROW,GB,EUR,186340.89,215621.5,212347.79,218037.14,246719.61,263942.63,270632.01,268620.11,266627.92,266842.56,255203.6,260274.59,239887.67,231941.99,227254.42,222494.82,245768.67,154576.23,165680.16,184540.28,183143.87,166885.76,176615.93,172140.67,181067.65,191767.89,205885.99,228740.87,241243.42,223319.25,247570.44,245512.48,251536.39,278809.48,263144.99,280978.74,266953.36,238235.7,238679.69,250378.27,236513.7,221676.01,228197.26,229497.07,240877.01,229396.53,205979.84,205875.39,247467.83,278284.5,272716.04,278292.1,249476.84,258502.58,280235.24,273195.36,283255.97,307896.55,325136.49,372842.68,398926.08,364592.0,206132.5,246778.02,231624.29,230980.76,252629.34,265089.7,231877.97,235179.53,312027.47,345247.92,330675.74,350164.02,388412.02,406732.24,409148.57,365449.65,372248.22,387011.99,350074.64,357291.56,362737.74,398304.72,322595.05,322302.52,270411.03,249464.4,255634.13,223203.69,244973.0,199784.67,165690.04,187871.75,205431.14,207031.57,245526.12,246331.18,250186.38,278725.35,254396.22,233155.9,260613.69,254753.14,251748.43,234850.51,304147.89,335363.63,321789.19,275930.11,280934.64,268814.93,302488.85,281825.01,319352.4,314723.61,310581.21,277598.19,262949.02,266602.46
GB0000904986,BELLWAY,GB,EUR,53693.42,60306.94,57639.44,59999.5,70958.03,73910.94,74543.37,75845.4,74608.83,79435.14,78020.55,84491.95,79653.1,72339.25,76205.56,72457.41,81458.7,51957.48,56987.15,62490.38,63017.32,59153.5,62478.78,64592.95,65979.04,68465.77,71359.45,77736.45,78019.07,82641.55,89937.41,88262.66,94596.91,103655.76,102665.66,105590.58,103460.77,94057.01,93701.23,100057.75,97101.64,88155.21,85051.0,84301.82,87363.33,81540.06,74726.66,73799.64,85983.87,92702.75,91417.93,93472.51,81038.76,83143.15,85304.54,82873.68,96720.28,95917.24,104273.64,121761.16,126824.03,114809.46,64542.36,81095.86,76709.48,75950.13,80677.0,77227.59,73379.67,72891.6,92836.1,99217.85,92925.56,96430.63,115325.76,122838.92,126176.52,111037.93,113202.04,120145.59,109681.95,112660.31,102335.7,115048.0,96914.51,98527.39,81531.3,77936.49,76470.58,67695.08,77314.17,61747.52,49379.1,55475.21,62051.71,62491.06,71013.84,73098.45,74319.52,82566.08,77788.84,70190.59,79182.2,75166.89,77419.23,70363.87,84834.16,94640.67,101608.97,98663.41,97289.2,91583.66,99151.88,93223.27,107050.16,115954.39,121465.95,106028.52,94121.33,92148.62
GB0001367019,BRITISH LAND,GB,EUR,21078.05,21662.39,21080.34,21822.3,22436.78,21286.58,22579.2,21697.96,21852.08,23328.03,21784.05,20102.04,18385.16,16085.32,17812.93,18634.44,19055.65,14523.73,15945.77,15542.05,14705.94,12951.41,13389.56,14092.93,13443.64,14084.13,14152.96,15759.29,15186.24,14771.0,15115.41,14797.93,15168.38,15175.78,16190.18,17787.08,18283.45,16639.43,17521.26,18018.0,17552.06,17459.69,17037.6,16252.7,15824.15,15081.54,14362.69,13539.46,15261.55,16260.4,15735.12,15876.01,13798.87,14255.32,12940.49,12916.35,14992.36,16947.31,15712.38,17858.85,15624.27,13676.32,8909.24,10906.86,10761.6,10203.61,10269.22,10464.73,9322.12,9633.06,13458.66,14285.65,13405.17,14892.31,15152.58,15615.51,15772.46,15066.48,15644.58,16080.37,14714.39,14931.65,15119.03,16153.79,16579.7,15960.13,15685.23,14601.44,14878.06,12491.81,13774.03,11532.42,9006.54,9691.95,11111.63,11246.37,12887.96,12797.06,11346.45,11902.92,10059.61,9435.64,10659.28,10050.49,9480.44,8848.29,11291.54,12922.77,12340.51,11163.9,12664.68,12324.69,14140.36,13536.22,13754.13,14059.56,15193.96,13332.17,12856.7,12132.44
GB0001638955,WETHERSPOON (JD),GB,EUR,5570.75,5938.63,5238.21,5512.66,5660.93,5841.78,5263.16,5451.89,5255.23,5698.28,5127.34,5255.6,4574.89,4776.74,4816.97,4653.48,5230.35,4521.97,5419.96,5569.25,5853.62,5134.46,4952.35,5304.0,5698.37,5891.96,5712.07,6244.63,6447.28,6149.94,6545.73,6829.29,8172.11,8075.49,8079.7,8305.59,8744.97,8533.73,7804.36,7830.96,7957.17,8153.83,7837.72,7931.66,8347.81,7785.41,7195.01,6993.54,7878.83,8609.67,8421.72,8798.65,8301.48,8993.39,9276.52,9515.79,9451.86,9418.42,10302.84,10960.38,10171.68,8540.66,5450.17,5930.16,6993.33,6184.08,5517.67,6821.24,5380.18,5545.05,7332.73,7589.55,7863.37,8597.18,9321.46,9202.68,9313.91,8096.18,7850.9,7620.65,6996.59,6976.43,5644.08,6475.68,5953.93,5847.57,5119.16,4594.08,4680.62,3770.19,3369.14,2790.3,2247.02,2583.35,2627.06,2658.32,2781.89,3387.98,4398.27,4458.51,4522.84,4253.6,4327.2,4557.91,4199.01,3815.39,4320.56,5140.37,5321.82,4770.26,4622.44,4513.3,4852.05,4603.54,4770.31,4962.71,4948.26,3995.57,4130.33,3803.49
GB0001826634,DIPLOMA,GB,EUR,1837212.35,1994128.09,1923947.54,1975511.9,2009687.67,2069977.71,1889961.14,1818868.56,1640856.97,1613856.21,1771693.94,1859345.28,1567245.27,1651776.36,1770286.14,1776354.18,1814692.22,1862191.28,1893893.2,1818966.37,1908315.12,1912949.42,1961780.36,2177803.13,2166151.78,2260773.21,2246310.66,2433826.72,2465870.36,2450107.94,2430441.21,2382101.37,2436751.31,2445871.88,2678059.46,2919791.45,2874917.7,2613848.17,2770442.25,2875143.44,2910695.71,3014409.63,3006424.82,3295827.78,3215887.76,2926272.79,2857185.14,2721577.96,2950397.17,3175873.64,3355218.49,3683692.24,3327049.67,3463512.57,3299579.47,3428902.2,3640331.92,3675485.73,4278370.08,4814673.86,4610973.03,4311944.7,3593602.53,3907031.89,4062538.97,3982582.5,4275224.63,4640279.05,5111767.2,5168279.63,5156618.51,5459150.08,5799344.93,5904503.46,6404952.34,7234683.58,7506374.32,7340382.93,7525049.7,7720697.82,7011545.4,7534338.34,7760868.82,8361710.62,6826425.22,6633437.57,6411972.27,6402012.96,6094106.29,5032196.23,6219197.44,5436082.04,4824807.11,5323181.53,6201490.28,6210286.41,6337234.98,6350671.6,6551288.29,6365763.61,7125769.18,7193742.0,7900021.99,7530397.48,6952586.01,6539383.98,8041781.54,8658818.94,7968275.91,8390963.6,9024651.68,8719435.43,10040867.72,10105531.43,11010852.58,11306838.4,11462432.65,10550364.03,10925380.18,10258196.74
GB0002318888,CRANSWICK,GB,EUR,17237.88,19416.08,17857.57,19172.77,21431.14,21991.27,22885.62,22979.41,21487.65,23541.75,24042.87,25284.45,26503.6,24255.94,27420.5,29375.17,30176.06,25262.85,28144.59,28344.12,27500.93,23415.28,25342.11,26372.99,26542.74,26423.72,29149.31,31608.31,34867.92,33547.57,35238.64,35486.5,36479.28,37672.4,40134.52,41782.33,38671.02,38999.44,36927.02,37149.49,41555.44,41255.08,40214.06,39310.67,41321.18,34577.34,33858.26,31568.43,35727.57,30964.68,33402.8,35578.96,31858.46,30994.77,31188.38,32162.3,34760.66,38432.62,38739.59,43199.76,45294.0,40915.23,44108.16,45112.06,43859.42,43002.57,45735.6,48612.2,45627.96,40500.14,44728.07,47082.89,45873.84,46541.5,49088.12,50534.19,55026.38,53665.29,55816.1,54104.13,47741.32,47012.65,46660.15,49975.17,48994.75,47019.21,46244.61,39767.24,38311.45,37111.34,41205.02,36356.77,30329.45,34713.4,37137.3,37785.34,39977.79,38671.25,37905.45,41174.76,41107.41,42115.21,44573.1,44344.96,45020.99,44028.23,50481.72,50701.75,53520.95,50812.04,54042.23,56366.05,59108.82,58686.35,64880.02,67151.54,71380.03,69097.39,66830.59,64914.29
GB0002374006,DIAGEO,GB,EUR,100359.94,102585.46,94673.56,95475.94,95014.24,99300.62,95774.01,93062.05,93800.92,101470.8,100560.31,95704.71,93496.52,91703.12,95723.44,95720.81,96368.81,98730.51,101559.65,99386.27,103342.9,95767.44,90156.41,93833.73,99772.09,102635.24,103839.1,105694.02,109244.53,107158.04,117388.26,123349.53,121545.27,126140.35,128406.57,136139.98,133004.29,126444.31,126221.98,133026.6,137128.57,134062.18,137113.81,132533.9,134181.48,130967.52,136330.7,134711.26,144439.5,147965.79,156126.37,160951.96,160039.74,164444.21,160991.57,164971.9,158805.63,158326.44,158290.28,163932.84,153412.95,137905.52,125207.92,135420.16,134685.59,129351.38,143524.99,133282.03,135893.07,128169.62,152514.15,156049.91,160630.76,157477.35,165184.93,180265.55,193786.52,191480.28,198811.01,195044.82,197216.16,201938.2,203892.16,221732.01,202603.32,204415.78,208050.04,206346.53,189429.63,175360.74,193208.89,181307.35,175485.36,171486.75,187730.28,181754.21,179389.89,176861.06,186574.51,190080.2,173202.82,179366.35,182518.78,174189.57,156946.41,159787.78,148270.99,154305.14,154384.64,160513.85,158322.89,148885.33,143479.22,134818.0,133109.0,141850.95,152417.27,134639.05,130529.92,138728.97
GB0002869419,BIG YELLOW GROUP,GB,EUR,1190.6,1267.19,1247.1,1331.87,1291.82,1322.91,1450.61,1367.8,1447.06,1528.36,1583.02,1591.82,1458.81,1369.71,1491.63,1582.1,1626.56,1421.16,1283.17,1348.67,1379.21,1150.04,1130.11,1177.24,1203.0,1264.27,1269.55,1391.73,1414.73,1454.89,1444.93,1473.31,1436.31,1460.14,1595.6,1693.73,1776.4,1648.77,1723.07,1827.67,1781.98,1843.08,1827.37,1792.57,1752.68,1613.51,1631.72,1660.28,1881.71,1946.33,1928.14,2025.34,1914.88,1910.45,1837.09,1976.84,1942.34,2241.78,2168.31,2447.89,2393.16,2096.65,1916.96,2082.12,1903.71,1940.91,2092.51,2245.71,2103.58,2225.29,2377.03,2381.56,2412.08,2520.21,2443.22,2629.92,2952.96,2867.56,3246.33,3374.96,3024.67,3260.08,3472.01,3764.57,3263.69,3091.34,3292.92,2923.29,2764.14,2594.37,2869.25,2560.67,1957.88,2145.08,2147.83,2282.92,2510.2,2478.71,2437.7,2594.61,2403.8,2300.67,2380.63,2348.92,1975.25,1998.28,2364.16,2686.24,2569.84,2230.27,2362.73,2377.19,2793.15,2608.75,2785.54,2972.65,3048.37,2783.53,2442.1,2154.87
GB0003062816,TOWN CENTRE SECURITIES,GB,EUR,92373.1,101812.86,99966.69,105554.93,103120.61,105388.27,106694.06,104981.23,105111.78,112422.61,111112.56,111932.56,99666.47,103410.66,99987.55,105474.29,105695.75,86115.79,91749.86,94340.9,91288.02,79221.59,84875.59,82423.74,81800.58,87502.41,88530.08,89531.69,92654.45,91726.11,96306.36,95070.71,102908.76,98624.4,100533.07,97711.57,99690.92,96592.34,99746.33,100695.47,97391.48,96295.87,92353.8,89533.97,88509.18,82193.74,77550.97,68868.55,77692.21,74367.69,69776.89,72888.88,68578.97,69587.66,65479.84,61229.06,57518.41,69716.91,76589.97,80683.36,81744.16,73550.16,47370.8,47140.78,37049.25,33501.76,36242.34,36303.96,31824.12,31552.28,43818.86,44931.9,46529.23,48385.16,54341.25,52727.89,55162.92,58371.67,56911.9,54820.35,51829.7,49472.95,50369.97,56243.52,64183.4,58307.59,59661.99,57637.2,56372.44,48999.56,64729.0,60311.37,51112.25,54456.9,59026.98,55403.2,59348.12,57618.83,52582.41,54802.85,51899.5,49661.75,51867.7,48309.75,46914.53,45504.04,56571.74,56399.17,52691.57,52339.86,56290.23,56194.16,68382.66,56648.96,60579.08,63969.83,64613.52,60851.47,56320.39,52130.74
GB0003096442,RS GROUP,GB,EUR,10241.5,11556.95,11936.86,12392.81,12143.14,11425.5,10667.79,9680.45,9305.5,10864.97,12484.83,12306.88,10392.96,11577.79,12157.39,13253.17,14473.73,12508.15,13998.56,14355.09,15858.73,16358.46,20109.94,21421.7,22181.52,21505.51,21528.21,24419.19,27535.37,27595.05,30094.39,30007.15,30675.65,33956.04,31710.07,31437.89,32340.99,32154.21,31257.43,31140.33,34767.59,37551.03,35320.75,36177.88,35142.78,29716.23,24893.98,24453.29,27061.59,27917.48,27744.81,31898.02,29034.09,30992.05,28676.8,27228.77,30529.9,33871.06,32824.94,34852.41,33922.61,30063.14,24851.22,28306.67,30504.58,32190.38,33429.41,35298.77,35763.63,34112.5,42455.6,46745.75,47647.25,53624.95,54174.0,58361.01,55646.64,56752.45,56451.98,58461.92,58030.39,61566.56,64140.35,65556.36,59821.57,53283.41,57280.16,53158.63,48986.69,42955.56,51165.26,51434.38,44027.57,44917.91,44832.17,44174.02,47456.2,48529.65,46344.11,47492.03,40487.75,40315.17,42109.9,40181.98,37441.63,34277.91,39900.51,44060.85,42188.32,40199.73,38718.01,38916.4,37771.96,38094.38,45168.12,44238.58,46707.72,38412.19,39513.54,37135.56
GB0003452173,FIRST GROUP,GB,EUR,288.84,314.51,260.7,295.39,334.42,362.88,347.72,323.7,285.75,288.51,306.06,305.37,254.72,248.23,268.37,282.43,303.8,258.89,257.13,277.92,265.12,258.37,245.59,247.18,252.4,288.81,318.71,340.99,373.4,315.27,294.01,292.09,303.1,282.05,285.94,288.1,285.01,218.02,222.38,300.26,230.72,212.86,223.65,222.48,229.26,210.94,219.75,205.09,234.95,229.47,228.83,277.9,280.6,240.21,271.42,305.7,327.17,322.56,300.71,320.76,315.11,290.53,120.79,162.81,132.61,120.12,89.46,112.88,95.06,102.41,155.96,195.32,190.24,242.96,245.22,198.63,223.7,218.46,222.55,239.83,231.58,266.79,237.57,267.28,261.91,259.59,285.5,273.45,332.17,298.98,316.42,260.86,228.73,235.91,239.02,238.83,262.34,251.08,252.54,277.72,279.7,364.64,377.33,368.56,369.2,384.08,410.34,451.38,434.67,404.89,461.09,410.93,439.73,404.88,466.49,427.24,405.77,354.85,402.9,421.38
GB0004052071,HALMA,GB,EUR,318246.92,334986.92,315463.19,333111.95,354447.07,364588.42,362816.06,356640.09,335663.57,362156.03,398757.71,393825.95,366534.98,382055.57,404691.59,403638.65,426226.7,419959.61,433514.6,432121.45,424143.65,398262.71,366725.68,347221.72,364362.77,378901.71,400906.67,426536.29,463202.88,447365.18,457086.8,444315.6,474053.41,495187.15,546621.12,540167.21,575500.69,526173.63,524142.83,533839.8,569295.3,573213.99,588751.28,593730.71,601102.92,541290.68,558415.69,556729.72,590200.19,662417.95,698223.05,751812.94,733535.84,823899.43,784674.93,769857.24,782166.56,780699.6,877244.79,905458.31,897149.53,795873.02,769397.15,851531.02,930462.45,919159.33,923370.49,963530.37,983589.19,993390.01,959857.71,1089239.95,1103156.1,1031268.53,1065730.81,1165883.17,1204397.33,1210019.13,1312031.41,1349973.34,1251697.07,1326220.67,1296875.63,1419033.31,1096386.15,1059127.97,1081991.37,1017352.68,919736.61,798801.91,920992.44,794847.67,751512.63,801640.61,851524.69,784778.35,873972.43,865856.8,910870.69,958753.11,986775.73,956749.99,956150.31,902914.78,786348.72,744067.06,896589.94,971194.43,931512.04,971285.37,997789.62,921779.3,945343.84,1140978.0,1146139.46,1148060.13,1172632.73,1066621.28,1153781.58,1132593.22
GB0004161021,HAYS,GB,EUR,2272.52,2306.7,2220.74,2316.98,2415.88,2519.19,2550.13,2407.82,2276.38,2162.7,2203.69,2137.22,1790.44,1591.42,1741.7,1879.3,1983.86,1307.31,1580.96,1712.99,1688.59,1694.66,1763.42,1873.34,1948.29,2058.58,2006.7,2263.97,2202.33,2204.02,2247.72,2410.28,2597.38,2617.75,2636.91,2617.28,3040.86,2822.48,2809.07,2626.28,2596.66,2619.89,2771.82,2811.43,2829.05,2323.03,2213.78,1973.03,2193.61,2237.17,2178.64,2202.9,2084.86,2228.62,2103.19,1900.45,2071.34,2401.35,2547.11,2841.81,2416.68,2086.7,1687.34,1616.63,1645.86,1736.88,1689.94,1907.47,1725.66,1631.23,2053.31,2309.06,2283.93,2513.61,2436.53,2672.43,2911.67,2588.12,2430.7,2588.13,2737.14,2856.61,2431.57,2485.97,2423.73,2285.79,2045.42,1956.77,1954.69,1714.58,1968.97,1726.69,1571.96,1746.88,1925.27,1921.42,2095.63,1970.57,1918.38,1990.34,1855.7,1808.01,1915.7,1888.43,1854.65,1690.65,1910.62,2018.24,1816.7,1743.14,1747.27,1687.91,2009.95,1749.38,1770.01,1783.17,1822.89,1493.35,1498.33,1510.17
GB0004657408,MITIE GROUP,GB,EUR,125662.92,144920.34,127014.28,136486.92,146786.14,156713.81,158953.62,144352.56,146243.39,157020.52,151949.92,147602.5,129082.43,125425.35,118944.91,127974.41,132027.55,109398.0,108960.0,116861.01,82214.67,84845.65,84764.86,93199.07,84870.3,86455.71,93264.6,91145.4,105093.72,120764.04,117959.27,116505.57,115399.18,105784.79,89496.01,88305.23,85295.87,73363.49,75499.18,85505.29,80534.25,71043.65,69457.25,66405.48,65861.94,63917.76,63605.62,49060.93,53788.57,59715.15,67532.29,59526.65,65146.34,66005.55,71620.08,63290.39,63953.98,72660.68,60068.68,68724.75,62678.38,63886.82,28835.59,33439.9,31183.47,36824.29,29791.71,30949.74,29434.29,25310.23,35307.81,38903.16,45753.41,50756.11,60239.83,59682.73,66998.5,65206.74,61187.38,72603.8,66452.21,62227.79,58958.08,61050.71,56254.67,52508.26,50697.9,47553.67,49673.08,48658.07,68171.66,60523.68,49996.83,58815.64,64840.62,64818.68,69361.71,70658.08,73056.98,83525.72,79587.54,90557.47,96781.01,91007.35,92710.92,88316.18,91669.5,94472.96,98269.59,100823.31,98990.88,109334.84,115163.73,112420.05,119145.1,124725.69,121343.38,114730.2,106034.09,106692.03
GB0004915632,KIER GROUP,GB,EUR,2677.02,3064.13,2719.97,2874.22,2985.53,3231.41,3251.41,3328.89,3031.07,3152.21,3021.08,3038.9,2802.72,2745.26,2783.88,2627.57,2709.44,2121.75,2151.34,2463.69,2655.16,2582.95,2711.32,2641.08,2702.78,2820.57,2706.59,2738.9,2565.48,2519.72,2688.77,2397.61,2565.51,2270.75,2314.7,2419.92,2462.06,2349.28,2207.32,2493.12,2374.98,2134.11,2135.83,2076.9,2087.19,1979.59,1145.67,934.64,1220.89,1247.65,862.77,892.16,639.22,246.63,137.61,260.87,262.39,267.74,208.69,231.96,215.08,260.56,169.64,191.31,185.82,219.73,152.89,144.75,114.77,111.26,170.37,194.37,192.51,220.47,226.74,222.11,348.43,386.31,373.39,377.23,346.02,312.03,303.98,317.56,280.24,265.96,239.38,212.21,210.87,175.76,198.16,177.58,161.55,146.75,160.93,152.04,179.74,202.56,179.73,205.48,204.73,203.5,240.78,229.3,299.17,260.7,293.57,291.27,346.88,366.67,354.33,362.87,403.06,361.42,448.78,431.38,399.15,406.14,411.09,411.15
GB0005746358,MCBRIDE,GB,EUR,141.67,173.3,160.83,168.74,174.68,187.38,218.74,211.99,267.18,293.23,280.47,288.11,259.69,288.88,275.87,271.12,265.91,247.81,257.58,240.44,289.89,276.63,261.26,269.55,246.4,274.08,298.4,303.15,297.79,295.3,302.51,274.55,342.87,351.25,374.7,383.6,311.41,264.44,273.02,256.71,211.63,218.83,230.46,210.27,229.76,205.67,216.71,202.09,223.76,168.85,165.41,179.95,139.41,131.1,102.96,86.72,84.73,121.19,140.2,154.97,108.9,114.64,93.42,98.37,93.15,101.92,104.1,106.19,104.24,106.85,120.03,150.86,145.64,151.66,155.24,175.16,172.19,169.19,157.56,145.22,136.83,129.14,113.6,109.38,90.29,80.36,75.49,61.68,54.62,25.33,26.29,35.24,35.38,37.11,33.66,33.19,40.76,39.11,46.35,53.79,49.46,45.26,64.42,65.66,63.98,70.55,119.27,133.83,121.69,153.22,169.34,187.06,208.2,235.63,229.92,232.6,213.93,192.07,188.18,177.83
GB0006731235,ASSOCIATED BRIT.FOODS,GB,EUR,159632.6,165420.74,143291.36,150387.78,158268.71,155184.26,172912.87,169256.81,173882.55,183390.37,183455.37,170526.34,154688.13,164323.5,166640.17,155386.6,148342.98,126279.36,124128.22,138370.93,117338.16,104429.87,110687.4,119008.22,105323.46,114349.62,114335.21,127554.67,135703.43,134320.93,137627.24,150763.5,150880.59,155841.18,140549.47,135750.47,138302.23,129002.29,124349.51,132533.51,125482.81,129192.69,115093.55,106329.49,106727.89,108959.33,110534.48,94419.26,113990.3,108261.09,115327.26,121057.17,112878.89,114294.53,108041.64,100843.13,103477.37,105025.38,121161.82,127258.87,127994.43,106501.18,83168.03,88264.6,83243.28,87490.63,85656.25,101294.34,89270.34,81156.58,104158.57,114431.15,107490.41,122415.1,123201.69,118157.06,121993.66,113492.25,103450.56,101023.8,92977.33,90862.99,94319.23,102665.79,98302.36,97246.01,82603.86,76137.15,82303.68,72945.51,77446.74,67543.8,53601.89,59141.48,71666.98,73532.7,88626.97,94245.55,93040.7,95359.51,87758.27,98944.72,103102.8,98692.14,98664.76,96098.64,117675.12,120209.9,118763.54,114544.07,125713.43,132490.38,130347.67,125558.94,127992.79,131384.34,125638.64,114640.45,112164.84,106073.82
GB0007323586,RENISHAW,GB,EUR,12151.08,14065.9,12703.69,13484.7,12833.81,12626.26,11456.49,11668.58,10882.29,10401.84,9864.92,9874.49,9159.59,8685.94,9465.78,9968.25,10228.17,10473.53,12394.05,12324.72,12462.22,11473.09,11272.73,11364.45,13044.76,13907.75,14218.76,16138.29,17456.71,17175.81,20080.9,21556.74,23540.69,24239.57,26503.85,26037.75,26025.31,24536.24,23353.04,23997.98,26399.43,25851.67,26509.09,26218.56,23070.13,20079.43,20364.41,20137.71,22908.81,21031.06,18069.22,22009.15,18439.9,20277.05,17657.36,16176.9,17112.18,18577.09,19422.91,18918.13,19863.75,16914.11,14868.74,16846.32,18039.24,18843.85,24055.76,24276.67,27536.02,27417.77,28334.72,29840.67,31226.15,30467.7,33596.59,32952.02,29889.39,25851.27,26989.67,28232.12,24320.12,26435.48,23051.99,24847.55,23356.36,24192.31,19637.77,20583.78,19739.61,16699.95,20344.89,16574.74,15126.58,15539.41,17221.16,17281.61,19017.6,18938.79,19905.87,17813.21,19719.43,19507.84,19732.49,18127.9,16904.47,14716.11,15916.72,18287.03,17889.85,21847.91,21607.55,20913.74,20496.69,18823.94,19618.07,18750.87,20217.2,16606.33,16313.51,17383.7
GB0007370074,RICARDO DEAD - DELIST.13/10/25,GB,EUR,67658.55,75710.41,78459.72,88046.14,96221.82,91918.62,95226.21,89160.54,90380.34,96011.8,92029.99,91578.38,77027.82,84626.56,83137.4,82202.94,85497.75,68270.71,70375.07,72769.81,86583.45,79167.35,78520.57,83326.92,84267.98,78467.88,76714.67,80009.39,80245.65,71130.65,71774.93,66429.19,78385.74,77834.56,86033.44,85927.82,100060.74,94383.73,92614.67,94508.24,103100.46,91351.53,76203.45,73632.72,79515.74,65387.18,67580.11,58651.22,59997.86,59198.29,62277.57,74303.15,70154.35,71783.47,64155.0,61820.83,58164.57,61460.93,68738.63,76634.67,77256.51,63805.07,38950.18,37684.87,35132.39,39762.53,34374.44,31879.25,32964.86,35750.58,35477.7,36220.43,40921.11,48428.02,45740.25,44833.57,50304.29,43668.12,40626.44,40320.54,44181.15,44386.71,43467.47,47460.44,48582.48,45340.04,40709.1,35953.95,35397.34,34539.53,39635.45,42293.56,40398.7,39855.53,42979.46,46300.29,50932.27,55123.9,55134.97,60700.57,55865.07,58533.16,60687.44,52016.25,49022.66,42974.94,48302.55,51255.29,44618.03,43801.24,47788.92,47265.36,51432.56,50960.31,56565.35,53852.37,49188.95,45645.76,43193.38,44465.25
GB0007668071,CLOSE BROTHERS GROUP,GB,EUR,274702.34,304959.12,281391.88,285877.35,297041.13,292182.61,275685.78,278816.75,274970.3,281717.34,266895.16,245534.4,227821.73,230073.61,229355.4,224498.07,246246.71,191513.09,211530.35,225388.57,225025.57,210760.0,221530.89,232273.84,237312.33,244117.19,253410.17,288437.88,272334.26,258275.44,267518.07,262319.91,260754.94,249790.87,260857.75,265264.26,303118.3,292950.45,276677.85,290778.53,267019.75,269650.82,286304.57,285114.57,283548.53,265907.81,271295.23,259282.44,276171.27,283947.89,272164.93,290443.09,248963.15,258335.22,233952.21,225348.63,249250.27,265731.32,285603.66,314338.07,277160.22,243335.69,208418.81,204336.76,197892.38,202734.0,213597.48,223270.02,195994.29,214775.34,266441.45,291360.53,298622.85,335303.96,333920.25,343087.94,364000.4,326583.41,334762.22,331367.28,325491.18,316693.8,274458.83,305104.68,276175.21,252085.14,256253.5,227733.73,225927.05,203418.86,220732.12,194140.99,169193.06,193762.06,218582.18,215837.17,204440.54,209966.06,195730.34,200513.41,197612.72,196899.3,207746.05,182779.73,189996.69,179971.32,180690.39,188358.71,128915.16,81634.88,98309.75,106113.92,113441.96,99646.16,122140.92,133045.47,102740.2,54548.25,52935.36,55048.6
GB0007908733,SSE,GB,EUR,3382.43,3402.52,3112.6,3327.55,3556.2,3381.18,3444.79,3296.51,3301.86,3409.24,3145.27,3281.54,3056.92,2868.63,3187.15,3287.54,3314.03,3087.48,3112.8,3046.29,3149.98,3004.02,2850.01,2967.69,2949.49,3019.25,2905.96,2833.44,3059.02,2971.63,2994.95,3024.9,3087.67,3023.32,3052.84,2941.62,3122.76,2841.31,3013.19,3201.98,3063.17,3011.45,2905.44,2885.77,2648.08,2584.48,2476.74,2440.68,2798.13,2874.03,2812.03,2712.59,2471.36,2596.13,2604.62,2709.46,2966.7,3210.29,3250.3,3683.47,3906.03,3836.27,3178.51,3097.1,3014.95,3311.78,3494.61,3449.95,3196.1,3320.97,3663.94,4196.3,4237.07,3850.25,4173.94,4226.03,4557.53,4309.92,4339.31,4850.98,4573.59,4864.15,4433.33,4822.39,4657.77,5017.23,5050.46,5146.41,4899.29,4305.43,4884.51,4365.45,3871.21,4067.25,4619.29,4675.39,4900.79,4880.9,5149.12,5334.45,5386.13,5406.05,5208.35,4949.86,4719.47,4759.04,5571.49,5682.39,5210.49,4992.95,5061.39,5067.09,5425.89,5493.0,5995.42,6155.72,6269.33,5619.67,5588.98,4986.28
GB0008794710,TELECOM PLUS,GB,EUR,13844.94,13657.26,10932.55,9977.47,10514.45,13179.63,16338.88,14776.83,14592.65,13999.18,14683.37,13889.16,12605.76,10422.58,11640.98,11999.85,13216.31,12256.1,12438.87,12364.61,12942.31,13022.05,14080.11,13335.09,14039.19,13783.53,13735.79,14840.68,15649.69,13767.9,14186.49,13176.76,13669.41,15199.26,15417.21,15549.38,15787.94,16484.08,16406.64,14263.44,13193.99,14228.11,13258.76,13061.09,13308.66,15267.85,17383.11,18190.15,18499.23,18784.84,19754.44,18359.29,18680.45,17898.03,16581.53,14362.55,15409.95,15813.15,17843.8,20638.26,20672.94,17673.31,15973.31,17321.79,18619.15,18249.76,18641.49,19471.31,18306.89,18227.49,20612.64,21164.2,19333.55,17782.12,18918.58,19433.55,18171.83,16943.91,15808.54,15709.23,18170.06,18958.03,20995.35,24252.36,22750.83,21964.81,22743.1,23557.84,23904.04,26818.62,31357.72,25986.36,22066.26,28020.34,33892.91,30650.51,28553.7,24734.61,27127.63,26350.7,21868.99,24941.66,25526.79,24021.91,21683.25,22338.38,23667.1,25077.06,22595.19,22567.86,25096.51,26526.25,29240.59,27211.33,29781.09,30336.79,31029.49,27037.27,28639.53,27479.5
GB0009286963,VP,GB,EUR,63620.17,70154.33,69066.63,70792.35,74038.5,86605.02,87104.77,82652.94,80643.73,81890.25,81434.95,79762.15,70930.03,67372.14,68447.71,76104.05,76665.95,60767.93,69421.28,68769.43,67203.17,62848.0,68547.54,70177.53,74721.66,76864.27,75613.38,80825.04,81943.97,85826.93,84701.73,80302.02,84727.35,80347.02,92835.8,90660.96,95359.62,88195.88,90861.89,93411.69,94908.82,105546.28,114538.93,113491.11,110577.12,99669.3,97049.33,98080.31,103979.89,106959.59,107078.87,81009.41,72008.74,87826.12,77225.88,74268.89,80094.19,88673.03,92894.23,100847.83,106113.96,103028.45,64468.0,69462.33,70686.05,75849.41,77593.82,69832.11,67111.09,63875.37,81089.31,89953.68,91508.85,101786.22,93550.99,95725.1,104200.21,108604.59,113114.44,114324.49,117780.4,117976.25,106728.64,108584.73,113830.87,103268.54,95751.23,104891.14,102018.76,92379.49,95061.72,83426.99,75058.34,73718.89,72746.62,74624.51,79161.33,77846.37,75474.08,72852.09,72118.39,72544.1,68259.72,64834.97,60723.89,56994.47,72832.96,78053.24,72772.54,64086.19,66729.93,76666.43,84986.5,85532.64,87230.29,89254.09,85066.26,76397.86,76164.99,71801.79
GB0009692319,WILMINGTON,GB,EUR,1113.58,1211.84,1196.54,1239.99,1400.74,1391.8,1417.56,1373.1,1429.89,1473.88,1420.66,1367.02,1310.64,1266.16,1324.59,1338.25,1289.37,1204.52,1176.16,1123.96,1183.22,1158.71,1246.44,1218.7,1176.32,1212.65,1151.45,1150.23,1295.14,1124.35,1150.25,1142.64,1148.95,1181.06,1143.56,1211.37,1289.45,1262.3,1311.32,1305.93,1314.96,1214.01,925.92,908.77,906.8,854.29,911.84,892.72,962.03,989.69,1109.15,1044.39,1040.03,1004.3,963.77,978.09,1110.63,1171.66,1256.0,1346.04,1317.79,1182.7,589.3,653.73,666.08,625.2,704.44,696.69,659.44,680.73,817.73,893.28,905.8,1137.61,1116.92,1120.85,1141.93,1212.72,1260.84,1265.15,1245.08,1386.08,1270.91,1226.94,1356.66,1322.84,1445.73,1373.24,1244.39,1188.79,1419.06,1441.1,1235.24,1450.05,1479.17,1619.45,1860.58,1871.74,1634.39,1496.38,1508.09,1546.97,1700.74,1752.62,1725.56,1731.45,1846.57,1893.7,1857.51,1997.93,1983.84,2068.12,2275.25,2224.76,2289.56,2277.44,2421.25,2368.86,2377.09,2238.37
GB0009697037,BABCOCK INTERNATIONAL,GB,EUR,1505.29,1555.04,1456.05,1544.81,1710.3,1692.19,1567.38,1509.73,1400.21,1508.19,1633.17,1526.16,1322.78,1299.56,1390.85,1414.57,1538.26,1259.2,1341.19,1426.67,1400.13,1257.46,1242.58,1234.83,1178.11,1237.05,1156.52,1219.63,1263.02,1228.67,1196.04,1124.71,1192.67,1158.38,1013.57,1038.18,1058.94,974.88,1018.42,1100.12,1203.21,1205.04,1046.2,1034.89,1052.28,871.62,808.84,704.96,789.88,814.02,727.45,774.24,638.48,659.68,693.94,726.71,818.01,852.81,908.49,1004.22,934.8,682.27,572.26,640.32,569.98,461.62,455.89,438.79,389.88,338.24,543.32,460.81,385.35,437.3,379.86,480.42,512.07,482.5,428.51,601.85,603.78,527.14,471.65,519.73,487.83,534.89,514.58,463.31,512.44,451.67,501.83,461.07,374.57,382.17,407.06,408.84,452.82,478.55,444.96,480.48,460.06,432.72,580.18,589.7,607.71,571.14,604.48,609.01,697.08,749.34,794.47,768.56,870.79,798.07,824.89,838.1,771.47,738.5,794.31,765.73
GB0030913577,BT GROUP,GB,EUR,2917.42,3273.44,3022.31,3255.48,3168.41,3291.06,3368.9,3185.08,3009.62,3400.53,3538.61,3323.08,3287.33,3240.62,3026.22,3103.23,3080.54,2619.73,2623.16,2476.72,2473.66,2246.65,2183.82,2248.07,1895.57,2018.4,1973.02,1955.06,1981.56,1898.51,2049.44,1935.23,1955.4,1774.54,1812.36,1920.03,1898.72,1727.0,1668.08,1795.84,1425.1,1502.98,1600.95,1544.61,1606.41,1680.55,1827.76,1690.84,1704.59,1592.3,1619.86,1664.95,1361.7,1394.15,1318.9,1194.64,1303.25,1568.67,1467.41,1545.35,1285.85,1096.52,886.17,887.32,871.19,854.22,784.31,849.38,770.97,794.76,945.23,1095.84,1045.49,1047.08,1294.65,1384.39,1506.64,1624.56,1463.09,1416.55,1306.1,1154.14,1271.92,1411.2,1612.23,1535.67,1474.17,1368.29,1450.19,1390.34,1209.94,1114.75,861.16,950.05,919.09,874.03,995.11,1093.98,1169.01,1294.71,1180.24,1008.68,1017.9,994.81,967.35,929.17,1056.63,1090.19,988.59,914.16,958.38,888.88,1150.48,1227.53,1251.74,1319.09,1432.49,1283.42,1462.04,1324.39
GB0031274896,MARKS & SPENCER GROUP,GB,EUR,32807.36,35158.33,35814.61,38357.21,40910.38,38764.6,39037.97,36883.77,34898.23,36433.57,35244.08,31068.32,28030.11,27609.49,27202.85,28906.02,25750.15,20769.19,20666.64,22008.16,20967.15,20266.0,20424.09,21508.25,20991.78,20719.87,20957.42,23587.65,24557.42,22213.97,21794.9,21130.34,24327.88,23445.79,22240.6,22332.27,22476.69,21366.08,19883.81,20787.52,20655.1,21294.65,22082.43,21425.76,20584.31,20672.0,20891.24,17611.9,21251.82,20312.88,20329.85,20849.71,17134.83,16188.01,15367.33,14133.94,13721.39,14177.96,15517.11,17457.9,14320.36,12488.44,7595.41,7170.59,7460.11,7550.46,7694.7,9182.02,7781.89,7114.28,10362.52,11500.28,11997.85,12245.61,12846.65,13502.86,14512.5,12487.76,11628.49,15248.32,15272.1,15534.28,19288.56,19345.79,18036.71,14476.82,12572.47,10675.01,11657.11,10157.31,10624.73,8755.23,6799.39,7497.56,8861.4,9154.88,11079.27,11956.36,12745.39,12750.6,13663.22,15121.92,16383.99,17739.08,17825.04,16238.33,19729.37,21518.29,19514.82,18561.53,20751.89,19847.94,23983.41,22589.85,26302.41,28052.1,31173.99,30136.09,30419.97,29409.71
GB0031743007,BURBERRY GROUP,GB,EUR,1433.74,1597.28,1420.41,1479.73,1428.05,1364.13,1408.96,1217.76,1162.8,1150.9,1051.65,996.7,959.24,1040.98,1110.22,985.64,884.6,877.51,1014.64,988.76,1037.08,1042.59,1033.65,1078.56,1203.05,1252.35,1256.98,1217.53,1366.19,1258.02,1338.29,1373.78,1400.95,1498.52,1378.14,1447.24,1340.55,1261.45,1420.39,1499.46,1643.65,1726.65,1673.44,1759.64,1590.97,1401.06,1372.38,1346.92,1444.08,1531.49,1551.96,1602.33,1301.85,1469.5,1715.23,1634.24,1661.27,1640.13,1687.63,1820.88,1604.81,1312.97,1023.75,1092.92,1152.52,1231.98,1024.75,1205.65,1252.34,1092.94,1438.9,1524.84,1471.04,1582.25,1632.81,1778.8,1892.73,1779.12,1825.81,1628.23,1557.04,1682.33,1479.37,1576.83,1604.9,1667.33,1411.8,1279.48,1382.86,1304.08,1430.14,1330.95,1320.68,1367.42,1696.49,1610.62,1998.35,1969.15,2108.98,2148.0,1760.86,1815.64,1926.77,1864.28,1569.2,1383.09,1248.07,1230.19,1135.16,1107.75,1044.28,981.77,898.05,792.1,710.59,626.51,671.21,718.96,814.96,876.13
GB0032089863,NEXT,GB,EUR,871151.96,928596.08,836066.74,913241.06,927796.83,947320.49,1030033.92,1009464.88,952284.59,1028646.55,992578.07,900886.92,831023.14,797571.81,656606.4,630177.24,669846.05,557541.61,576854.14,625653.47,536418.06,508389.45,529763.06,538166.97,421157.71,416245.11,472150.78,492223.93,497433.71,442658.11,478460.3,488836.91,648399.79,605643.25,561662.11,574078.7,685543.77,633450.24,632038.29,685380.39,730674.04,756211.8,750439.81,688958.96,690484.34,640846.26,602659.91,495608.16,621685.89,659864.66,708955.13,732924.77,708117.43,685741.47,738739.26,719248.27,758433.55,847389.92,869712.74,932872.6,911594.53,779497.0,506625.59,598141.95,603382.47,606760.3,717746.2,811208.81,771833.08,757681.16,877700.68,971916.34,1065095.12,1060559.78,1088964.53,1083901.2,1163605.25,1088959.48,1099602.44,1107254.8,1126225.35,1110637.42,1057953.57,1122779.12,1044533.73,956004.84,824649.74,785567.68,847720.47,738950.09,877668.13,716659.35,567931.65,601380.9,737007.0,748500.92,873184.14,887743.46,870883.2,907917.47,842941.43,940156.25,992550.76,969186.57,974690.8,914300.9,1098793.8,1142039.94,1190016.34,1160576.05,1286990.57,1244729.45,1312020.9,1260514.62,1306483.38,1497520.85,1470813.08,1410890.31,1436186.09,1343182.72
GB0033147751,BLOOMSBURY PBL.,GB,EUR,1476.7,1529.72,1503.9,1707.16,1786.25,1721.02,1689.56,1775.14,1753.48,1753.52,1637.16,1524.51,1462.33,1498.92,1454.55,1563.02,1635.52,1472.28,1519.28,1503.99,1418.03,1311.14,1442.89,1497.59,1520.31,1510.42,1598.11,1581.86,1603.79,1546.49,1694.31,1634.76,1588.33,1606.39,1887.0,1868.17,1953.32,1708.46,1838.34,1810.11,2311.88,2313.42,2121.87,2241.3,2208.92,1871.89,2018.21,1975.45,2222.18,2374.59,2281.28,2372.42,2225.97,2218.37,2244.47,2261.24,2336.75,2555.99,2773.31,3050.7,2972.82,2485.0,2136.64,2063.34,2130.36,1962.35,2204.49,2309.25,2107.85,2706.73,2880.24,3309.25,3460.07,3085.34,3249.23,3431.67,3722.23,3958.62,4329.53,4190.65,3873.08,4280.32,4203.78,4221.62,4402.43,4728.03,4833.37,4358.88,4506.49,3979.78,4472.74,4333.51,3623.48,4705.97,5131.89,4804.18,4873.05,4507.05,4899.72,5008.68,4514.97,4925.06,5055.59,4806.09,4451.72,4392.71,4821.95,5499.18,5505.04,6327.43,6121.83,6136.99,7128.27,7262.96,8909.87,8748.98,8429.14,8197.67,7913.88,7915.2
GB00B012TP20,HALFORDS GROUP,GB,EUR,427.37,440.74,438.41,447.93,470.99,532.19,544.06,523.83,457.29,439.09,366.86,328.76,357.62,369.14,378.61,411.21,424.54,285.82,311.24,312.89,312.92,284.55,293.94,315.3,326.64,303.18,318.11,346.85,336.37,318.61,315.05,308.98,349.21,325.93,345.2,358.78,365.55,368.98,345.75,394.46,339.64,346.37,335.74,335.12,323.15,308.63,291.59,260.03,243.93,251.97,242.05,243.83,227.27,228.87,199.6,187.05,178.07,174.02,176.37,197.77,190.29,168.95,76.32,120.13,199.72,165.61,168.98,194.82,206.8,274.22,311.98,321.84,329.97,356.91,462.32,460.29,478.09,525.28,436.22,447.09,366.22,326.26,362.17,421.42,395.2,336.01,291.77,256.05,254.53,156.33,188.66,141.87,137.36,189.5,216.58,238.4,239.55,242.0,204.95,250.53,238.11,259.92,269.88,227.68,237.77,239.13,233.93,253.43,226.74,191.79,202.24,188.6,195.07,177.03,198.08,199.65,208.48,222.68,197.29,173.09
GB00B019KW72,SAINSBURY J,GB,EUR,17173.63,18812.66,17227.23,18721.12,17712.61,19249.29,19071.17,17220.97,18239.5,18981.28,17904.14,17876.04,16293.4,16614.76,18610.89,19833.27,18902.03,15019.92,14403.93,15222.2,15443.4,14816.06,14170.86,15125.17,15931.23,16350.41,16227.29,17494.32,18254.86,16452.74,16240.71,15277.04,16061.87,16205.26,16038.18,16669.18,18313.69,18201.26,17085.58,21707.15,21602.31,22134.56,22389.18,21994.39,21903.8,20755.09,20517.93,17794.91,19780.66,16059.66,16193.38,15293.54,13297.58,13682.79,13211.08,13103.13,14860.98,14447.81,15458.02,16983.93,14878.44,13943.13,14548.4,13934.31,13374.92,14380.23,13697.92,13723.83,13766.27,14536.32,16532.05,18081.74,19686.84,18551.2,19626.26,19305.4,22147.06,22666.43,23777.67,25256.28,23230.32,24774.71,22331.03,22795.76,23800.22,22573.82,20303.57,17874.27,17565.76,15833.19,17187.23,15125.63,12434.75,14304.16,17252.28,17042.53,21039.44,21131.16,22426.4,22609.18,21826.56,23022.3,24026.93,23040.08,20771.32,21018.08,24719.72,26346.55,23500.65,21564.07,23329.68,22526.04,24104.75,22772.69,24990.43,27148.64,27992.74,24178.17,23836.41,24601.64
GB00B0FYMT95,HELICAL REIT,GB,EUR,318014.41,343093.21,324835.31,332643.53,351479.1,352209.11,373021.53,367427.04,349313.55,383280.22,384153.58,395347.75,323985.48,298613.8,317772.6,321986.65,329299.43,218387.69,216519.85,213960.38,201769.66,185432.21,208055.26,210877.11,214344.31,232184.41,226797.17,247946.99,250587.08,230874.99,268799.75,252823.95,238266.22,240934.53,241990.67,272763.99,269048.04,283264.52,270003.5,307784.58,297348.82,271924.62,255031.4,268491.99,262249.65,241434.2,250080.13,248849.19,270723.66,276997.3,263781.85,274683.19,279852.4,292930.21,272264.84,267754.77,299410.34,316422.06,343975.35,394759.67,397780.23,377809.66,272830.42,285468.74,264255.13,244477.14,255910.59,243920.57,244619.16,281500.53,311172.03,329185.92,335560.64,342546.73,367839.4,378505.77,403271.47,393913.65,414679.1,426712.16,390662.33,413326.02,380715.91,405758.77,380677.17,373179.92,357076.47,362860.69,355931.8,306299.85,319620.61,305621.29,267637.04,255880.2,268680.07,272595.78,301154.76,292038.97,252052.88,256221.66,205071.05,232098.69,243022.69,209088.54,181259.23,163590.2,192490.39,201099.22,186375.3,172068.46,187131.62,181920.26,203113.68,224499.1,206453.9,203227.73,216562.13,184137.06,180586.57,156647.92
GB00B18P5K83,TOPPS TILES,GB,EUR,2805.2,2826.56,2680.66,2745.24,3258.12,3541.39,3744.93,3882.67,3446.3,3501.73,3817.72,3628.98,3045.24,3085.44,3341.31,3150.64,3452.67,2256.36,2536.98,2398.31,2321.84,1778.84,1720.89,1721.63,1720.71,1712.16,1991.87,2198.59,1913.66,1778.15,1815.65,1817.37,1680.77,1536.91,1684.57,1838.81,2255.28,2001.71,1867.93,1622.42,1680.99,1467.14,1373.55,1435.34,1422.01,1393.33,1435.55,1435.5,1560.7,1601.99,1780.23,1766.99,1631.33,1533.71,1547.11,1449.82,1530.02,1779.11,1747.72,1797.51,1937.67,1405.76,843.56,855.74,915.63,1033.87,1048.74,1337.35,1159.69,1055.09,1408.93,1483.81,1697.63,1680.98,1799.27,1826.46,1998.44,1858.82,1792.19,1914.07,1743.14,1627.43,1510.9,1739.25,1691.0,1590.4,1456.61,1388.96,1269.78,954.03,955.95,1129.71,865.68,888.23,1074.66,1150.02,1263.29,1244.87,1197.85,1361.86,1369.23,1326.41,1454.23,1410.16,1284.02,1244.9,1242.35,1452.46,1311.63,1245.23,1301.13,1232.63,1259.15,1213.23,1374.08,1415.19,1362.73,1282.06,1190.15,1148.33
GB00B19Z1432,PZ CUSSONS,GB,EUR,953250.87,1057920.53,1030370.34,1114907.3,1110164.11,1153099.77,1097667.23,1003860.51,906320.94,957461.23,980037.14,864575.55,776275.51,753668.89,903165.28,980839.28,1060223.51,913976.84,938133.49,927009.33,997931.34,863898.7,815166.44,872769.01,809412.74,846425.47,855603.44,922448.87,950712.65,947192.57,1018929.93,957036.5,928493.76,950356.04,944712.41,947453.46,962580.43,850352.96,700816.94,741079.82,692688.66,650343.13,667943.15,697990.11,682208.52,626135.13,659488.41,606433.38,526578.3,575189.89,580048.23,606344.19,580508.57,617936.74,609789.0,595940.84,581475.45,607574.25,614874.74,643620.74,590984.95,546369.1,562626.39,557431.73,515975.72,539628.04,590582.92,651847.97,717982.47,718210.63,727183.51,752741.37,815362.39,828368.22,890871.51,883958.25,876609.55,816832.65,845631.81,803773.35,735306.41,723694.4,628311.39,683492.04,635191.87,693557.03,641615.56,641218.77,635820.48,595443.32,638179.02,564133.86,542870.57,585139.6,626423.0,640376.97,678852.16,560517.25,590519.71,649878.18,588093.21,531125.21,550125.46,518260.55,445692.91,418692.28,490002.64,517761.45,451717.71,335353.11,305091.61,343878.66,378454.96,336269.01,365890.51,362348.5,348151.0,287655.19,279122.1,282291.43
GB00B1FH8J72,SEVERN TRENT,GB,EUR,5666.77,5503.05,5359.06,5725.51,5877.91,5880.16,6179.4,5739.37,5943.81,6223.86,6090.64,5849.63,5660.79,5426.77,5693.89,5947.44,6081.75,6069.49,6062.84,5814.57,6067.42,5299.68,5094.92,5198.47,5407.26,5508.59,5639.55,5695.21,6110.63,5475.65,5705.15,5648.39,5632.32,5415.75,5579.74,5743.4,5455.37,4620.17,5079.87,5247.37,5197.5,5273.98,5120.9,5248.48,4865.84,4803.81,4805.65,4758.97,5410.81,5527.19,5299.46,5462.89,5162.33,5512.38,5217.94,5334.05,5642.32,6171.12,6243.4,7169.65,7315.74,6775.41,6083.66,6487.22,6494.08,6757.82,7094.43,6888.83,6956.57,6931.98,7036.65,7022.2,7125.19,6871.59,7140.34,7696.78,8019.99,7946.54,8953.89,8742.79,8075.56,8632.2,8781.84,9313.56,8993.89,9003.95,9456.09,9216.12,8572.05,7871.46,8557.43,7730.49,6266.69,6869.65,7698.95,7721.16,8394.01,8064.04,8619.09,8922.94,8321.56,8085.89,8144.93,7537.81,7154.72,7988.33,8308.02,8295.34,8347.6,7979.11,7872.76,7794.11,7894.94,7818.8,8582.25,8781.36,9209.93,8580.24,9068.02,8308.82
GB00B1FP6H53,MITCHELLS & BUTLERS,GB,EUR,326.55,367.21,317.09,327.47,352.0,366.0,300.87,283.83,243.86,279.26,253.77,263.17,212.77,201.82,206.66,203.66,220.5,161.57,174.46,175.72,186.28,177.31,148.13,165.34,178.88,163.73,163.05,182.91,169.51,161.39,171.75,172.11,182.16,182.81,194.8,210.2,200.86,185.08,192.13,213.3,193.21,188.8,182.4,182.01,189.06,182.44,192.69,180.03,204.58,209.49,193.78,182.92,191.73,200.24,204.42,233.41,259.19,302.73,318.95,334.29,289.57,234.99,123.8,122.88,122.89,127.57,110.28,126.62,96.13,111.34,154.7,180.54,224.73,258.76,270.47,265.86,263.95,234.31,236.16,246.84,194.39,211.3,188.31,211.1,204.53,194.25,187.41,174.27,159.29,136.19,128.39,109.45,78.22,81.45,100.71,101.06,123.37,119.77,123.83,133.99,154.38,158.05,180.16,170.18,167.94,153.22,170.79,200.08,201.73,180.98,173.66,184.1,238.74,219.72,243.2,237.64,241.31,196.07,190.75,186.8
GB00B1KJJ408,WHITBREAD,GB,EUR,207048.33,223686.75,214462.92,222434.74,217560.91,216606.14,225528.61,205445.45,196898.5,213568.41,191843.37,181770.26,158998.42,153122.27,159494.64,158944.94,174297.17,132718.22,145668.15,155348.07,144624.47,125481.08,124103.68,133792.76,141598.95,136488.65,141921.21,149692.27,161309.1,150053.24,147725.96,141009.67,147133.12,142807.77,141872.33,158944.05,162115.69,157157.87,152462.92,173203.38,167532.75,156127.68,153398.44,178434.22,183737.72,167933.28,176483.35,175437.15,193390.26,194183.58,199054.35,174909.73,178139.47,179838.94,169058.93,162571.29,161528.55,160412.37,183055.55,197461.18,181239.66,152986.52,115560.95,115615.47,111894.93,98294.95,102438.9,121233.4,98355.65,99389.37,144874.75,151713.26,137018.75,169936.7,169231.5,160804.75,161940.83,154410.71,151622.45,158066.96,160076.11,160477.9,132767.6,145234.2,145158.65,140461.85,134675.93,126623.06,124428.55,109113.78,114628.48,105642.01,93171.91,107368.5,112636.66,113155.22,137031.97,136882.67,135183.47,149380.92,151339.11,159964.75,167292.57,161978.99,157110.65,150064.33,146904.95,174972.2,171918.46,156856.57,157167.41,148876.17,144153.45,144189.49,143309.62,145374.78,161178.13,150314.98,140568.44,143171.39
GB00B1L5QH97,RANK GROUP,GB,EUR,9775.33,10836.19,10303.96,10947.48,11889.3,12922.25,14242.14,14478.49,15331.44,16216.33,15765.88,15905.82,15012.54,13286.66,13922.56,13463.64,14054.44,10914.93,11265.95,10788.55,10396.81,9205.59,9454.56,9389.03,9741.0,10379.69,10267.8,10882.95,11148.92,12122.6,12137.67,11660.52,12000.93,12729.13,13433.63,13163.07,13006.59,12325.92,11779.06,9801.15,10107.31,10275.25,9686.38,9132.68,9292.19,8569.21,8503.32,7356.26,8755.89,9207.86,8710.69,8858.66,8147.23,8594.29,7883.64,8337.69,10229.58,13795.46,13960.03,16066.33,16506.33,14891.45,7107.53,9068.38,7818.2,7988.39,7917.54,7994.32,5326.63,5139.03,8501.64,8402.96,7580.26,10940.62,11442.49,11922.94,12649.17,10236.87,10094.07,10830.42,10241.68,9927.56,8004.25,9330.99,9302.05,9468.66,7826.28,5987.98,6055.4,4590.86,4836.57,3869.36,3362.06,2664.27,4759.53,4350.64,4920.19,4774.31,3991.48,5356.34,5303.65,4963.15,5216.07,4700.54,4511.5,3601.07,4220.89,4222.25,3959.08,3943.83,3860.43,4644.89,4644.26,3796.04,4027.32,4318.08,5387.84,5049.35,4946.63,4806.97
GB00B1WY2338,SMITHS GROUP,GB,EUR,71432.84,75327.89,70813.73,75076.52,78064.72,75759.17,75171.46,74087.6,64953.47,65195.19,68234.52,60763.9,58728.93,61275.47,68707.69,72109.62,72552.22,68476.47,74498.74,78027.2,84488.17,78453.26,79888.27,79289.05,85575.7,84305.39,91741.86,96953.04,94560.62,94790.5,92471.2,90969.82,96680.32,97171.13,93503.31,93882.19,105878.25,102523.2,98891.23,103433.38,110122.21,105382.65,99524.48,98461.3,91676.06,85929.34,85313.76,83597.09,91439.87,91562.11,89982.22,96425.69,88205.54,96764.21,97676.07,98776.75,93991.9,103479.86,106485.12,110764.83,110380.56,97048.29,75343.86,77550.64,80054.65,86470.02,88143.73,93039.04,88102.22,87379.9,99009.62,104536.82,99011.93,104040.83,107826.23,115237.13,112780.74,112467.99,110736.51,101650.6,99486.32,96880.67,99472.81,111548.02,108465.19,106969.09,99716.24,97586.56,103097.98,89412.51,98747.4,91269.8,88675.45,96227.89,101319.39,102984.55,113871.67,114346.72,113671.1,114048.51,107443.04,112820.55,117998.19,112174.22,106698.42,107651.67,114710.66,123608.27,113604.87,111838.02,114014.55,112191.78,121560.68,119500.35,127192.58,131309.51,124720.74,111016.04,127126.69,121583.46
GB00B1YW4409,3I GROUP,GB,EUR,640.39,708.14,664.8,722.58,797.54,774.51,823.55,721.2,673.47,737.75,721.22,685.34,605.34,589.47,633.35,669.84,789.06,728.85,815.78,801.46,841.49,815.82,857.26,876.19,887.05,862.97,944.0,1034.02,1163.76,1205.6,1269.02,1284.73,1259.72,1312.41,1254.28,1282.25,1374.35,1343.35,1250.36,1345.72,1315.84,1261.47,1318.76,1236.1,1302.17,1190.5,1128.41,1065.05,1208.43,1360.24,1387.52,1508.97,1432.33,1562.16,1501.58,1472.01,1584.56,1608.98,1527.09,1630.26,1631.8,1443.03,1100.93,1108.34,1143.14,1177.6,1336.52,1437.64,1474.81,1422.34,1635.94,1840.08,1774.26,1799.12,1850.02,2063.34,2053.96,1916.12,2103.56,2176.61,2043.2,2210.87,2169.83,2352.62,2203.33,2148.01,2191.48,1994.13,1917.91,1655.23,1899.47,1739.01,1500.19,1642.85,1974.56,2019.17,2426.2,2464.67,2606.93,2779.01,3032.65,3148.05,3232.53,3210.11,3215.37,2983.09,3633.39,3968.61,4059.38,4014.39,4562.92,4630.7,4687.27,5038.15,5222.77,5431.07,5762.76,5301.19,6179.13,5850.44
GB00B27YGJ97,SEVERFIELD,GB,EUR,2924.64,3031.56,2816.09,2826.87,3103.05,3096.41,3229.38,2971.3,2849.66,2760.17,2755.64,2794.06,2440.82,2143.95,2305.49,2232.28,2111.83,1920.11,2110.33,2158.9,2285.94,2085.05,2783.11,2779.24,3032.54,2882.89,3131.29,3414.31,3223.03,3019.01,2935.6,2699.67,2728.55,2659.93,3085.39,3283.12,3657.84,3184.59,3198.68,3363.15,3257.39,3519.03,3382.27,3202.79,3171.11,2891.72,3102.66,2952.83,3080.14,2930.72,2948.26,3266.87,2984.4,2879.59,2697.94,2603.52,2963.72,3370.35,3237.79,3821.15,3892.79,3684.29,2682.42,2988.59,2912.26,2588.15,2677.12,2483.48,2457.37,2530.98,3194.55,3431.17,3456.73,3811.02,3889.87,3903.54,4038.39,3974.29,3949.89,4109.14,3748.19,3608.85,3376.11,3444.2,3542.1,3431.98,3298.85,3173.81,3063.4,2815.71,2675.77,2567.28,2112.71,2176.83,2861.07,2880.61,3009.76,2912.03,2978.96,2983.62,3039.83,3408.95,3581.89,3397.69,3085.69,3057.85,3097.23,3306.01,3155.21,2638.18,2887.55,3530.72,3632.56,3996.79,4264.72,4528.12,4547.15,4744.51,2645.3,2762.33
GB00B39J2M42,UNITED UTILITIES GROUP,GB,EUR,4093.97,3880.3,3676.16,3960.55,4033.97,3821.45,3791.81,3582.12,3816.81,4158.67,3963.17,3808.02,3747.16,3562.07,3663.84,3800.95,3899.16,3926.22,3831.67,3610.62,3697.24,3256.68,3130.62,3205.66,3321.87,3506.05,3577.11,3626.47,3824.92,3338.19,3505.21,3473.7,3396.25,3276.99,3290.29,3378.17,3159.5,2763.47,3021.29,3081.75,3107.86,3142.2,2941.98,3005.86,2862.9,2895.21,3025.5,2976.87,3469.78,3548.12,3369.23,3430.38,3190.92,3273.03,3172.27,3256.8,3343.22,3699.36,3626.54,4167.86,4455.42,4021.98,3733.18,3795.09,3783.21,3867.32,4061.98,3827.06,3804.51,3838.89,4133.6,4272.45,4422.43,4195.02,4460.71,4681.4,4882.78,4837.69,5361.54,5230.5,4692.7,5116.0,5156.5,5371.5,5215.69,5250.29,5391.81,5262.56,4855.84,4644.48,4973.23,4609.25,3719.99,4055.23,4572.28,4539.82,4958.37,4691.66,4989.34,5177.12,4777.13,4794.99,5041.43,4706.59,4539.25,5059.21,5417.13,5379.79,5409.6,5164.4,5177.58,5209.39,5152.44,5112.74,5461.51,5515.19,5772.46,5411.04,5946.7,5503.53
GB00B41H7391,ZIGUP,GB,EUR,22004.74,22844.22,20867.11,23575.31,22847.06,21508.4,20339.42,18643.83,16679.03,15188.44,14573.85,14250.59,11641.15,13871.41,14239.28,14516.31,14104.87,10716.1,12461.87,13909.01,14155.83,12958.27,13213.47,15550.38,16330.71,17915.87,17556.09,17833.76,17498.58,14692.4,14528.2,13623.1,15263.02,15603.48,14893.61,13719.65,15373.9,11997.56,12618.23,13614.3,14761.35,14301.45,15264.25,14556.3,14832.76,13170.43,13521.34,13456.82,13533.05,13520.95,13557.73,13346.38,11378.3,12303.69,11207.05,11331.98,11733.09,12861.91,11793.31,12135.5,10328.24,9292.95,5076.71,6672.75,6933.53,6041.57,6394.38,7406.68,7302.87,7027.63,9844.76,11248.91,10429.45,11894.53,13146.55,15591.45,16931.06,17052.36,18194.53,18606.09,17237.44,17349.43,16618.85,19067.5,16637.27,16378.87,18344.28,16075.1,15323.64,13199.46,14403.49,12853.19,10923.69,12959.59,15216.22,17054.74,18386.6,16810.49,14700.87,16263.24,15930.17,16406.45,15231.31,14717.03,14926.55,14751.91,16443.65,17149.52,16730.76,16197.75,17835.66,17817.97,20544.17,19718.98,20155.26,20389.33,19954.57,17610.77,18638.62,15973.24
GB00B45C9X44,CHEMRING GROUP,GB,EUR,542049.97,582867.57,515972.74,555129.85,572380.31,581328.34,618769.04,581422.32,573596.64,451075.3,509949.11,474283.74,403464.38,337700.34,369187.23,406094.65,389380.91,329119.57,353261.05,363705.23,354438.59,343187.39,402061.73,407218.51,468273.7,468602.11,465426.17,475289.31,454736.19,468961.19,460528.52,447604.14,473948.43,449562.79,468225.21,487493.41,534724.31,520807.94,550611.47,570448.55,530011.87,582119.32,593967.86,507188.04,558764.91,464480.15,426174.25,409161.47,402681.93,397623.4,360451.39,406179.67,413104.39,475328.55,449876.24,442977.31,493910.0,529707.99,529503.42,648866.25,730224.78,626925.84,506319.78,515514.09,549379.63,616587.57,646842.57,671772.63,647278.19,698310.79,689190.42,809098.15,844113.85,802898.42,760867.04,762379.44,910699.52,831533.61,895109.15,962628.9,904822.07,843439.78,757004.97,843382.58,766265.03,873579.13,910889.49,937964.59,945568.43,813082.24,894901.72,778610.21,677752.82,743338.11,789240.02,765047.86,742188.87,759624.23,745069.47,773739.16,686401.02,779878.67,790658.57,805782.82,740142.82,741140.83,872796.25,976398.48,979538.77,959179.49,1014897.97,1039235.74,1087703.04,1042159.51,1176912.07,1191344.87,1097904.62,1016520.79,1003561.58,916312.35
GB00B67G5X01,WORKSPACE GROUP,GB,EUR,954.91,1069.62,1020.9,1043.85,1108.36,1138.52,1235.03,1121.05,1153.92,1200.97,1166.9,1147.34,932.25,824.3,918.79,998.62,1030.83,752.5,777.59,746.92,753.23,638.47,712.53,812.99,796.14,828.14,822.74,937.43,954.34,969.51,1027.82,973.84,1014.55,1001.36,1074.94,1154.91,1265.57,1123.75,1196.57,1313.43,1300.93,1226.06,1246.53,1210.1,1120.54,1074.46,929.44,884.3,1107.24,1156.69,1126.82,1139.47,984.97,985.56,939.38,940.4,1077.5,1193.16,1305.51,1429.72,1470.93,1326.83,864.19,903.99,829.88,740.97,768.62,718.45,662.91,759.67,868.91,1000.96,935.58,1018.45,1051.03,1081.09,1226.35,1097.08,1167.58,1245.42,1081.83,1095.8,1023.53,1064.99,1111.19,1017.84,884.52,821.28,881.28,662.22,719.55,610.74,447.83,474.41,507.97,538.27,637.02,634.51,553.39,614.83,638.78,615.91,678.91,675.89,636.25,621.72,710.23,769.37,718.8,666.31,699.39,672.96,735.85,811.16,877.01,904.69,972.73,793.2,798.38,686.06
GB00B6XZKY75,BARR (AG),GB,EUR,210762.71,232664.27,201063.55,213092.07,210214.23,218072.78,198789.16,194535.84,179129.45,185563.63,179328.5,178263.49,169792.67,163807.95,172858.38,185983.77,180841.83,149623.39,165730.28,153644.07,154040.43,133945.73,146001.2,144250.6,147017.9,150920.72,168537.34,187022.37,201170.73,189353.19,187189.53,192258.66,196212.74,197407.5,197844.62,214618.58,217319.92,216468.87,219386.9,228521.37,219105.89,219631.27,215040.91,220941.96,227356.87,237651.66,247557.91,244631.19,241461.24,247712.09,255997.76,270397.36,294790.27,291688.45,207672.24,179153.08,176404.1,178813.04,189372.03,191308.38,198567.82,170144.81,148806.96,154986.84,149446.32,138901.8,140520.52,141685.53,156758.94,151793.22,166037.04,176641.21,167533.58,174400.65,168670.14,175123.51,184752.09,178170.96,199050.85,190864.29,173566.27,173471.75,178051.24,178831.5,169276.15,176812.71,179545.88,185927.78,175296.54,162931.37,170838.92,151881.94,131948.33,134867.41,156898.92,167266.93,176648.23,175608.94,162577.49,164938.51,166656.15,159104.13,161532.72,164483.04,159571.58,159655.06,161818.08,175063.9,193627.75,176420.2,196811.11,191394.65,216874.74,207375.29,226166.04,239318.68,228850.07,220101.11,215855.27,209590.63
GB00BDR05C01,NATIONAL GRID,GB,EUR,1895.71,1848.65,1731.94,1822.55,1922.98,1790.24,1854.39,1842.65,1938.86,1989.5,1972.47,1955.73,1979.19,1900.47,2008.27,2021.13,2074.49,2134.95,2095.26,1997.2,2067.01,1894.7,1690.28,1741.97,1729.08,1802.05,1877.51,1916.65,2076.24,1875.65,1873.66,1905.4,1881.94,1825.25,1849.96,1827.42,1767.1,1574.94,1737.76,1792.59,1774.84,1771.74,1707.64,1685.15,1651.9,1695.89,1734.11,1588.21,1771.33,1840.33,1809.07,1778.63,1696.08,1805.53,1754.74,1774.64,1844.64,1979.61,1989.5,2162.61,2292.06,2170.16,2029.1,2036.21,1979.1,2112.98,2112.61,2018.27,2056.4,2124.21,2063.85,2154.51,2126.83,2054.33,2172.1,2297.3,2432.68,2398.74,2422.84,2442.91,2249.22,2417.9,2511.3,2754.14,2779.08,2911.09,2961.73,2876.2,2831.58,2525.11,2721.41,2479.18,2054.07,2158.16,2429.81,2412.92,2537.82,2551.67,2726.65,2893.08,2756.84,2755.2,2764.24,2613.35,2491.31,2473.28,2761.54,2863.4,2852.25,2786.22,2858.91,2785.94,2595.06,2693.79,3057.82,3168.74,3335.78,3030.26,3096.23,2919.86
GB00BF5H9P87,GREAT PORTLAND ESTATES,GB,EUR,47707.66,50026.85,48715.78,49560.41,51460.18,49675.95,52879.39,51866.54,52716.39,55917.05,53926.83,49880.21,44439.74,39757.9,42766.99,45384.43,44676.8,34491.28,37373.2,36542.88,33863.72,29866.77,31451.35,34228.55,32295.96,33413.85,33757.66,37097.81,33866.29,32390.5,33149.6,32588.65,34239.8,34472.58,35253.72,39154.26,39755.19,36376.34,39372.18,40486.57,39108.22,40174.72,39999.88,39943.98,37165.54,37972.55,37965.87,35970.9,41245.29,43420.22,41682.87,42154.58,39266.12,37719.22,35111.41,36737.4,40045.93,44159.14,46836.92,49654.41,53499.5,46907.22,36813.26,37206.71,35499.43,34443.84,34132.9,35647.58,34156.59,32907.19,38105.89,40558.62,39792.56,42128.71,41660.06,42618.28,46026.55,44016.33,47640.35,48238.8,45202.11,45060.46,42569.87,44571.39,46181.81,41272.58,42375.24,38846.51,37825.63,31837.77,34490.9,26511.93,22472.01,27075.65,27385.34,27483.61,32361.31,31739.94,28935.01,30950.97,27653.95,24751.97,25810.4,24979.32,23923.28,22201.54,22980.55,25416.58,25208.32,21653.34,23255.36,23300.66,25714.15,24791.42,26279.24,25851.79,27913.85,23560.68,22661.14,21293.53
GB00BH4HKS39,VODAFONE GROUP,GB,EUR,6830.48,6725.6,6346.83,6871.24,7556.89,7236.04,7554.75,6979.4,6320.53,6623.55,6869.45,6628.68,6463.24,6230.67,6469.93,6534.54,6837.68,6412.07,6421.57,6342.79,6069.28,5782.83,5208.05,5308.78,5256.48,5401.22,5594.15,5536.16,6424.75,6330.37,6550.32,6384.95,6269.72,6407.8,6923.08,7246.21,7282.63,6401.23,6212.31,6645.44,5819.97,5802.02,5833.03,5111.59,5128.5,4515.54,5296.48,4784.97,4479.33,4388.68,4476.17,4548.7,4008.19,4161.89,4646.89,4780.75,5048.13,5150.36,5139.81,5037.44,5099.29,4446.63,3630.37,3664.92,4260.98,4259.02,4057.14,3991.34,3550.84,3562.46,4416.83,4562.48,4731.14,4708.12,5021.6,5227.25,5033.29,4767.69,4594.35,4774.01,4345.12,4212.23,4249.93,4467.15,5124.99,5181.34,4829.11,4483.11,4834.97,4654.22,4447.84,4072.77,3415.43,3540.79,3450.67,3197.01,3616.87,3811.17,3483.57,3802.91,2986.28,3121.6,3178.81,3079.32,3112.33,3049.12,3160.03,3058.55,3000.05,3059.71,3114.84,2964.77,3369.27,3247.95,3427.03,3602.38,3707.29,3410.34,3409.1,3236.81
GB00BLGZ9862,TESCO,GB,EUR,122743.88,137903.35,130552.58,123496.48,117967.63,121553.06,122397.56,107014.75,100907.97,102939.33,91520.55,80125.09,89441.26,91418.39,100243.3,91674.37,87381.32,85018.89,75315.43,79223.44,86417.34,93563.56,94816.28,92941.51,89026.03,85251.06,84392.35,86209.18,86233.83,79730.41,83509.94,84761.59,91303.66,88066.71,96031.25,103496.94,108656.05,106185.53,105595.39,118786.01,120491.3,124901.88,125838.01,118076.46,115247.17,101212.26,93603.13,89910.72,108985.91,111632.06,112313.63,120934.47,107781.44,108977.43,103273.41,100830.88,112174.09,116295.39,113383.76,129183.07,124363.61,111524.41,108405.51,113312.88,110937.03,110777.14,111996.86,115095.9,107978.45,105992.8,120889.75,126177.52,131136.57,125556.02,126135.88,122237.33,130108.3,126272.65,132814.92,143965.9,140024.71,153504.64,151917.44,162918.92,165331.61,161307.78,150778.56,141692.2,139523.95,132631.22,136591.85,123695.7,98674.85,107886.46,118025.48,117485.44,131877.59,134486.27,143115.69,153914.87,144439.83,141118.74,148336.51,150448.4,144097.52,148258.11,163905.87,167765.99,165338.46,159765.08,169736.9,168075.31,184204.67,179947.8,198141.5,216250.31,223829.4,207086.56,219213.47,217117.0
GB00BM8Q5M07,JD SPORTS FASHION,GB,EUR,1962.93,1969.59,1849.54,2293.98,2585.14,2913.63,3291.77,3530.45,3790.65,3907.34,3828.14,4025.37,4257.38,4189.95,4245.93,4800.17,5017.58,4062.58,4402.37,4460.06,5057.04,4888.15,5483.04,5180.78,5762.75,5773.85,6354.41,7593.12,7680.55,6015.78,6243.44,5526.01,6648.48,6283.63,5911.95,6033.41,6896.15,6993.82,6228.78,7131.73,6708.42,7727.8,8153.78,8771.6,7953.47,6930.75,6699.86,5905.56,8093.19,8234.6,8706.33,10907.86,10334.86,9945.55,10603.02,10013.55,12339.47,13250.45,13115.6,14788.78,14441.53,12549.48,7565.73,8901.95,10851.24,10248.81,10596.21,12955.28,13949.54,12776.14,13814.55,15671.72,13674.77,15477.15,15166.78,16951.42,17911.67,16951.22,16652.02,18550.43,18876.49,19913.04,19687.49,19694.34,16843.52,13525.99,13031.23,11181.31,10319.57,9356.34,10554.9,8799.38,7488.77,7511.15,10050.33,10170.37,13428.71,14694.58,14730.12,13566.93,12626.28,12440.5,13665.18,12395.6,12305.54,10419.7,13389.92,14273.41,10056.84,10062.26,11463.58,9766.13,10952.55,10242.06,11460.71,12292.44,14010.12,10808.93,8796.36,8164.96
GB00BNNTLN49,PENNON GROUP,GB,EUR,6520.41,6422.31,5991.52,6442.69,6363.85,6228.38,6218.19,5948.09,5907.6,6286.8,6596.08,6369.71,6377.1,5769.61,5921.33,6042.47,6380.78,6420.65,6240.1,5988.3,6037.52,5308.73,5325.24,5324.58,5198.44,5698.29,5828.42,5859.32,6283.26,5666.64,5784.67,5703.08,5828.4,5747.17,5862.08,5773.4,5661.7,4645.99,5000.59,5282.27,5505.7,5810.85,5646.54,5722.95,5328.02,5462.12,5262.71,5054.77,5846.35,6029.25,5645.47,5686.05,5385.78,5508.04,5317.3,5568.85,6170.66,7037.48,7142.85,8221.82,8958.36,8441.57,8251.74,8475.35,8640.53,8476.56,8818.55,8493.89,8404.93,8093.14,7962.35,8188.8,8152.64,7760.6,8543.49,9092.32,9542.62,9962.49,11147.91,10775.83,9584.54,10027.57,10167.98,9916.82,9216.1,8850.84,8977.56,8855.25,8001.79,7337.09,7964.52,7084.7,5726.99,6285.84,7111.18,6967.2,7465.49,6601.33,7142.45,7144.27,6336.23,5974.39,6227.87,5627.45,4924.67,6069.89,6162.54,6596.21,6316.88,5879.22,5747.05,5854.92,5564.21,5093.67,6148.11,6123.33,6130.51,5404.47,5917.15,5738.48
GB00BP92CJ43,TATE & LYLE,GB,EUR,54498.38,49253.32,47471.3,49059.89,47530.91,43726.45,47294.52,46356.02,49530.07,51315.47,50070.28,49773.7,50022.08,46119.13,46836.05,48561.28,51573.01,51873.93,55721.09,55763.89,56477.09,55278.47,49769.16,51363.07,49561.36,54395.38,56165.93,57502.75,55975.13,52006.06,53580.13,53265.18,52620.22,51922.3,55784.3,58335.8,55886.29,47281.45,46780.42,48461.94,56091.28,53991.43,51752.85,55092.49,56297.15,54386.17,58626.66,53793.65,57901.6,59159.29,60524.59,64039.81,58253.22,61834.34,60859.71,57646.95,59676.91,57300.89,63033.08,67097.9,69629.32,60048.0,54194.5,59852.82,55468.23,56647.89,58695.27,62691.81,59057.22,52850.72,59272.21,64171.09,65840.95,70752.51,73682.18,77102.39,75795.74,73109.2,73659.93,69598.69,66854.15,63681.38,60504.21,65091.79,68863.48,73431.25,70048.54,70882.14,67769.93,66857.02,71765.54,65322.74,55762.66,59289.68,64398.26,63302.61,68594.39,71880.3,71783.59,75798.15,72083.25,69512.69,72335.68,67422.13,63012.3,57619.47,59407.9,63895.45,60340.98,57773.52,59329.24,62760.19,67010.86,58699.33,65578.81,69090.33,71087.85,74874.61,73379.41,63718.61
GB00BRKD9Z53,MJ GLEESON,GB,EUR,101994.2,105526.46,113458.01,113251.45,118639.14,129239.73,133531.43,126678.07,135612.12,142632.9,149624.61,150729.66,161468.56,154505.07,168633.89,158043.2,156187.85,108167.22,134288.61,146976.39,147652.6,119723.09,137310.77,132162.09,134563.34,141645.59,159823.66,172413.67,164360.1,159711.41,180267.37,163287.88,178264.91,181974.98,197118.3,209092.68,211127.78,219697.77,210145.96,208600.84,206456.65,215710.13,204603.98,187754.65,199109.45,183524.85,179669.03,174468.66,202027.34,226345.96,226087.32,233506.27,237727.4,199947.75,223547.84,220766.09,214875.65,223400.23,228553.76,280831.75,280321.02,262550.43,146978.66,210553.4,197590.18,180473.27,179468.79,183085.53,172183.42,166469.82,194998.93,236980.44,219469.97,249518.73,258810.08,265903.69,276174.35,276414.24,255840.13,255704.24,237873.97,235663.88,216680.36,231635.92,218520.82,201843.31,177302.72,171933.66,158208.45,142474.04,147205.43,123229.53,104971.41,101146.96,100975.22,97459.63,116851.7,134014.94,127202.58,127809.84,124849.72,113232.87,128383.79,117083.47,121497.59,119089.65,136265.51,150567.35,145445.98,162650.12,148482.25,154244.53,177457.66,159749.06,184068.67,190919.13,207363.57,192428.54,159640.31,156987.09
GB00BYT1DJ19,ICG,GB,EUR,2372.73,2431.55,2395.2,2597.69,2929.06,2843.74,2986.08,2693.36,2565.72,2866.64,3026.08,3067.3,2740.14,2673.54,2950.59,2985.36,3224.66,2236.72,2596.2,2657.85,2613.98,2521.37,2889.17,2983.01,3004.67,3047.05,3053.24,3484.68,3929.04,3816.18,4222.11,4038.0,4431.66,4559.81,5087.54,5517.69,5861.09,5188.51,4903.01,5323.89,5427.55,5271.87,5047.81,4940.4,5150.48,4407.68,4692.56,4360.38,4893.82,5104.17,5081.48,5642.32,6064.33,6605.62,6396.61,6114.97,6738.66,7226.82,7442.79,8093.51,8713.77,7716.36,4218.24,5399.1,5958.06,6219.39,6903.73,7147.43,6022.66,5912.52,8528.99,9309.99,9211.68,9549.73,10028.37,11943.04,11796.2,11784.24,12117.01,12148.89,11074.08,12061.81,11104.98,12035.91,10305.55,9314.54,9521.59,7869.13,8039.59,6710.78,7815.93,6714.69,4631.27,5161.61,6000.01,5956.89,7371.08,7321.75,6491.05,7056.56,7442.16,7834.16,8086.73,7666.57,7551.16,7081.12,8857.05,9737.9,10338.28,11071.39,11794.37,11952.56,13368.85,12837.45,13127.81,13004.2,13909.12,12338.26,12529.42,12188.43
GB00BYW0PQ60,LAND SECURITIES GROUP,GB,EUR,46216.63,46883.33,45224.49,46666.8,48713.27,46342.61,49573.15,47126.88,46980.0,50943.25,45648.6,43026.69,38524.49,34875.68,39561.34,41456.29,42427.46,35030.92,36634.21,36137.53,34950.11,31016.96,30819.58,33816.29,32105.17,34055.76,34285.84,37047.45,35763.99,34460.55,35251.45,34083.41,34484.76,33904.5,33768.19,36419.4,38049.63,34114.29,35483.8,36747.31,33389.38,34630.99,33901.02,32653.85,31980.96,30264.7,29195.1,28827.1,32024.83,33668.94,33908.74,34280.93,29753.85,30636.68,28166.28,27282.62,30952.85,35675.46,36797.18,38928.74,36701.64,31642.62,20492.96,24785.33,22230.77,20281.71,22463.39,22975.69,20050.21,19546.71,26520.73,27823.38,25499.01,28329.98,29012.36,30409.54,30458.75,28803.26,30456.72,30417.6,29296.57,29355.96,30315.66,33145.24,33415.58,33587.24,32978.85,30126.22,30811.99,26173.23,28880.23,24893.28,19153.55,21594.9,24394.52,24929.18,29085.67,28138.76,25955.67,28636.09,25213.45,25176.13,28727.23,26737.4,25207.07,24176.65,28072.48,31918.94,30292.69,28254.88,29974.77,29363.8,29949.23,28780.53,29999.14,30849.7,32561.19,28836.04,29022.98,27696.06
GB00BZ4BQC70,JOHNSON MATTHEY,GB,EUR,78405.62,84337.99,80467.89,82291.45,85475.11,77670.42,73947.59,67630.95,60280.13,64899.64,69251.87,63662.21,57507.69,58606.89,64865.13,69555.94,69037.83,62659.17,72786.19,73158.23,71604.12,69669.02,65862.35,66219.68,68884.82,64215.53,64864.7,64910.11,67661.33,63969.85,63545.81,61092.65,78707.27,77015.22,70883.83,71865.05,85005.31,74626.76,73724.18,78383.21,80760.13,83827.23,86532.5,79720.79,81494.52,66647.05,65959.5,63025.92,70771.66,72735.62,72385.28,76913.12,68946.46,76406.9,70992.87,63911.62,67936.78,71641.64,67605.18,72177.62,62447.61,58326.55,40543.44,45704.68,47506.21,47827.25,54218.23,58670.53,56218.99,51265.72,55271.59,61706.94,75460.53,79509.52,77384.41,83764.82,80602.12,80278.29,78140.0,76488.71,68461.67,70843.23,52438.67,52969.99,49751.02,48292.88,47276.23,53395.9,50829.72,45899.76,51044.21,46022.03,40152.45,43718.3,48831.59,50760.36,55101.06,52408.42,48656.01,48961.99,42538.8,45416.75,47411.15,42259.29,40655.23,37091.89,40716.98,44903.41,42992.92,40461.71,46895.05,45625.55,46445.42,42466.08,45132.35,46066.76,43738.42,41012.62,37031.72,36549.3
IE00B010DT83,C&C GROUP,IE,EUR,356.64,394.16,372.51,369.26,359.24,365.33,361.24,370.68,368.33,373.26,366.47,380.03,364.0,354.02,427.08,425.23,441.91,382.13,397.03,406.42,402.78,372.83,358.77,409.82,416.2,406.63,380.53,399.02,384.57,368.87,358.81,358.83,361.86,346.34,345.87,348.0,387.79,362.83,329.4,387.21,369.67,394.08,427.01,420.31,418.96,394.68,369.4,333.43,405.08,371.48,383.15,405.83,453.42,499.05,499.54,484.1,499.33,547.48,561.67,599.57,525.43,466.46,271.69,273.85,264.84,316.41,338.3,319.03,282.12,232.93,327.02,346.24,353.18,400.83,431.66,456.61,408.35,399.47,391.79,404.19,377.7,422.8,357.38,374.26,353.48,336.58,307.09,312.25,300.85,266.35,286.29,238.16,199.79,224.01,247.58,250.93,235.86,214.51,231.15,233.93,214.45,194.17,216.25,210.81,206.63,205.72,209.03,239.71,241.02,223.52,254.97,254.27,266.39,247.35,258.58,258.29,274.76,238.44,239.33,232.63
IE00BYTBXV33,RYANAIR HOLDINGS,IE,EUR,2615.08,2627.72,2765.73,2714.7,2942.73,3047.18,3185.23,3186.35,3369.14,3438.63,3451.75,3759.67,3414.2,3578.9,3721.85,3482.11,3620.47,2899.64,3077.28,3078.88,3149.45,3184.62,3350.88,3527.53,3569.49,3503.54,3581.83,4004.72,4666.9,4723.04,4829.29,4894.42,4448.49,4520.57,4824.91,4166.77,4788.32,4555.77,4537.02,4320.75,4399.22,4254.8,3803.99,3807.98,3513.49,3119.28,3042.82,2833.37,2910.29,3189.99,3019.99,3083.96,2572.01,2655.96,2479.36,2321.28,2653.23,3107.33,3528.61,3786.56,3807.26,3103.73,2329.53,2626.44,2863.58,2759.3,2872.36,3332.45,3084.98,3175.82,4214.37,4585.8,4005.62,4644.5,4483.51,4690.77,4755.7,4364.02,4531.89,4315.47,4363.79,4524.09,3694.44,3998.61,4242.84,4016.66,3486.39,3553.69,3525.72,2717.71,3001.04,2862.12,2367.24,2801.75,3044.75,3004.66,3719.74,3594.34,3727.56,3776.24,4043.72,4330.51,3996.2,4055.16,3884.95,3455.77,4421.27,4858.52,4884.14,5078.62,5287.27,5002.9,4414.92,4074.26,3686.52,4156.2,4328.59,4501.02,4635.1,4651.63
